pair_id,gt_id,m_rot,m_pos,m_seq,m_composite
7b2m__vs__7b2m_D_s0003,7b2m,10.1802978515625,-0.14387857913970947,-0.7578802108764648,9.278539061546326
7b2m__vs__7b2m_D_s0004,7b2m,1.5432863235473633,1.259868860244751,-2.189080238342285,0.6140749454498291
7b2m__vs__7b2m_D_s0005,7b2m,0.2645454406738281,0.5288857817649841,0.6109344959259033,1.4043657183647156
7b2m__vs__7b2m_D_s0006,7b2m,4.320605278015137,0.5747811198234558,-0.763308048248291,4.1320783495903015
7dv4__vs__7dv4_B_s0000,7dv4,10.7025146484375,0.3782989978790283,2.687197685241699,13.768011331558228
7dv4__vs__7dv4_B_s0001,7dv4,13.85201644897461,0.6145095825195312,3.446134567260742,17.912660598754883
7dv4__vs__7dv4_B_s0002,7dv4,12.545870304107666,0.8252956867218018,2.0074305534362793,15.378596544265747
7dv4__vs__7dv4_B_s0004,7dv4,9.387780547142029,0.2536686882376671,1.565141201019287,11.206590436398983
7dv4__vs__7dv4_B_s0005,7dv4,1.7698860168457031,0.2839818596839905,-0.6314172744750977,1.422450602054596
7dv4__vs__7dv4_B_s0006,7dv4,2.768714427947998,0.14951395988464355,-1.1684441566467285,1.749784231185913
7dv4__vs__7dv4_B_s0007,7dv4,17.73805522918701,-0.1769319772720337,1.2871131896972656,18.848236441612244
7nll__vs__7nll_A_s0000,7nll,14.982714653015137,1.4783401489257812,1.3161747455596924,17.77722954750061
7nll__vs__7nll_A_s0002,7nll,1.2803668975830078,-0.15004658699035645,-0.8305249214172363,0.29979538917541504
7nll__vs__7nll_A_s0003,7nll,-0.8275966644287109,-0.0039206743240356445,2.3435134887695312,1.5119961500167847
7nll__vs__7nll_A_s0005,7nll,5.982572555541992,0.024092435836791992,1.3665512800216675,7.373216271400452
7nxx__vs__7nxx_B_s0000,7nxx,8.301681518554688,-0.048674821853637695,1.7248296737670898,9.97783637046814
7nxx__vs__7nxx_B_s0002,7nxx,0.6403350830078125,1.4330339431762695,0.6098575592041016,2.6832265853881836
7nxx__vs__7nxx_B_s0003,7nxx,1.7548480033874512,-0.13268297910690308,0.8335649967193604,2.4557300209999084
7nxx__vs__7nxx_B_s0004,7nxx,3.0539798736572266,0.20873677730560303,-0.6391229629516602,2.6235936880111694
7nxx__vs__7nxx_B_s0006,7nxx,1.1686687469482422,1.457170009613037,-0.6012923717498779,2.0245463848114014
7nxx__vs__7nxx_B_s0007,7nxx,1.4961066246032715,-0.1473712921142578,0.10284733772277832,1.451582670211792
7paf__vs__7paf_B_s0000,7paf,2.402324676513672,-0.9596130847930908,1.450148582458496,2.892860174179077
7paf__vs__7paf_B_s0001,7paf,8.206230163574219,-0.8118772506713867,-0.45809268951416016,6.936260223388672
7paf__vs__7paf_B_s0002,7paf,5.490187644958496,-0.6319475173950195,0.17782115936279297,5.0360612869262695
7paf__vs__7paf_B_s0003,7paf,2.482168197631836,-0.889531135559082,0.3007678985595703,1.8934049606323242
7paf__vs__7paf_B_s0004,7paf,3.3991146087646484,0.12184318900108337,1.369910717010498,4.89086851477623
7paf__vs__7paf_B_s0005,7paf,0.8757104873657227,0.9883767366409302,0.1428837776184082,2.006971001625061
7paf__vs__7paf_B_s0007,7paf,4.189008712768555,2.081019878387451,-1.6260063648223877,4.644022226333618
7pqg__vs__7pqg_B_s0000,7pqg,2.635193347930908,-0.23741936683654785,-0.875885009765625,1.5218889713287354
7pqg__vs__7pqg_B_s0001,7pqg,7.936927795410156,-0.017277956008911133,-2.166797161102295,5.75285267829895
7pqg__vs__7pqg_B_s0002,7pqg,3.320690155029297,-0.1327657699584961,-1.8829383850097656,1.3049860000610352
7pqg__vs__7pqg_B_s0003,7pqg,0.7149429321289062,-0.1048053503036499,1.8273029327392578,2.437440514564514
7pqg__vs__7pqg_B_s0004,7pqg,4.404939651489258,-0.04830971360206604,-1.34625643491745,3.010373502969742
7pqg__vs__7pqg_B_s0005,7pqg,0.5557174682617188,0.31209421157836914,0.179290771484375,1.047102451324463
7pqg__vs__7pqg_B_s0007,7pqg,5.81138801574707,0.1681804656982422,-0.7452278137207031,5.234340667724609
7q3q__vs__7q3q_B_s0000,7q3q,8.250992774963379,0.4894472360610962,1.259049654006958,9.999489665031433
7q3q__vs__7q3q_B_s0001,7q3q,6.966716766357422,-0.718146800994873,-0.12163829803466797,6.126931667327881
7q3q__vs__7q3q_B_s0002,7q3q,11.620445251464844,1.2193272113800049,0.16283512115478516,13.002607583999634
7q3q__vs__7q3q_B_s0003,7q3q,6.822869539260864,0.023063063621520996,-1.92451810836792,4.921414494514465
7q3q__vs__7q3q_B_s0004,7q3q,5.833250999450684,2.0553512573242188,-0.5992355346679688,7.289366722106934
7q3q__vs__7q3q_B_s0005,7q3q,6.917041778564453,-0.1318817138671875,-0.3971290588378906,6.388031005859375
7q3q__vs__7q3q_B_s0006,7q3q,2.8782920837402344,0.5546300411224365,-1.8152761459350586,1.6176459789276123
7q3q__vs__7q3q_B_s0007,7q3q,1.5704936981201172,2.4547903537750244,-3.2386369705200195,0.7866470813751221
7q3r__vs__7q3r_G_s0000,7q3r,1.1203327178955078,-0.238084614276886,-0.11192607879638672,0.7703220248222351
7q3r__vs__7q3r_G_s0001,7q3r,3.8741836547851562,-0.5661747455596924,-1.3693761825561523,1.9386327266693115
7q3r__vs__7q3r_G_s0002,7q3r,1.493820309638977,0.0975283533334732,-0.6539671421051025,0.9373815208673477
7q3r__vs__7q3r_G_s0003,7q3r,7.633838653564453,0.021728515625,0.28661298751831055,7.942180156707764
7qbe__vs__7qbe_E_s0000,7qbe,3.6792969703674316,0.015005707740783691,-1.7368851900100708,1.9574174880981445
7qbe__vs__7qbe_E_s0002,7qbe,6.375818252563477,-0.06080281734466553,-2.6380481719970703,3.6769672632217407
7qbe__vs__7qbe_E_s0003,7qbe,8.949373245239258,-0.5091767311096191,-3.767960548400879,4.67223596572876
7qbe__vs__7qbe_E_s0004,7qbe,0.4920778274536133,0.6129253506660461,-0.8116500377655029,0.2933531403541565
7qbe__vs__7qbe_E_s0005,7qbe,4.780183792114258,1.9722423553466797,-3.97725772857666,2.7751684188842773
7qbe__vs__7qbe_E_s0006,7qbe,12.847471237182617,1.5352201461791992,-2.200803756713867,12.18188762664795
7qbe__vs__7qbe_E_s0007,7qbe,12.006885528564453,-0.6133860945701599,-3.8941116333007812,7.499387800693512
7qbg__vs__7qbg_E_s0000,7qbg,21.659650802612305,0.4689168930053711,-1.2285051345825195,20.900062561035156
7qbg__vs__7qbg_E_s0001,7qbg,9.526268005371094,0.9693760871887207,1.3220291137695312,11.817673206329346
7qbg__vs__7qbg_E_s0002,7qbg,10.052000045776367,-0.08622568845748901,0.006743907928466797,9.972518265247345
7qbg__vs__7qbg_E_s0003,7qbg,8.57473373413086,0.4330322742462158,-3.6381988525390625,5.369567155838013
7qbg__vs__7qbg_E_s0004,7qbg,10.505268096923828,0.23076200485229492,-0.49268150329589844,10.243348598480225
7qbg__vs__7qbg_E_s0005,7qbg,13.077516555786133,0.6484317779541016,-5.468669891357422,8.257278442382812
7qbg__vs__7qbg_E_s0006,7qbg,10.49471378326416,0.5406931638717651,-1.421860694885254,9.613546252250671
7qbg__vs__7qbg_E_s0007,7qbg,4.091651916503906,-0.1726059913635254,-1.136850357055664,2.782195568084717
7qiv__vs__7qiv_C_s0001,7qiv,10.949457168579102,-1.0076522827148438,-0.4699687957763672,9.47183609008789
7qiv__vs__7qiv_C_s0002,7qiv,10.004025936126709,0.463010311126709,1.3762617111206055,11.843297958374023
7qiv__vs__7qiv_C_s0003,7qiv,6.813701629638672,-0.17802071571350098,-0.06150341033935547,6.574177503585815
7qiv__vs__7qiv_C_s0007,7qiv,4.388584136962891,-1.574599027633667,-0.4855995178222656,2.328385591506958
7qne__vs__7qne_G_s0002,7qne,4.54188871383667,-0.15966999530792236,-1.209700345993042,3.1725183725357056
7qne__vs__7qne_G_s0004,7qne,1.400339126586914,-0.1346074342727661,2.460423707962036,3.726155400276184
7qne__vs__7qne_G_s0005,7qne,4.297344446182251,0.4400477409362793,-1.4421038627624512,3.295288324356079
7qne__vs__7qne_G_s0006,7qne,0.36980628967285156,0.2988089919090271,0.15813732147216797,0.8267526030540466
7r24__vs__7r24_C_s0001,7r24,-0.8441048860549927,0.05935311317443848,1.184478521347046,0.3997267484664917
7r24__vs__7r24_C_s0002,7r24,13.772035598754883,-0.3067193031311035,0.3206501007080078,13.785966396331787
7r24__vs__7r24_C_s0003,7r24,5.021205902099609,-0.3156280517578125,-0.9109783172607422,3.7945995330810547
7r24__vs__7r24_C_s0004,7r24,-1.0397186279296875,0.32374799251556396,1.1591753959655762,0.44320476055145264
7r24__vs__7r24_C_s0005,7r24,1.8419408798217773,0.1941227912902832,-0.376370906829834,1.6596927642822266
7r24__vs__7r24_C_s0006,7r24,6.237234115600586,-0.2345426082611084,0.7755074501037598,6.778198957443237
7r4i__vs__7r4i_D_s0001,7r4i,2.392648696899414,-0.22799921035766602,2.6404600143432617,4.80510950088501
7r4i__vs__7r4i_D_s0006,7r4i,1.4471702575683594,0.5819644927978516,0.08197212219238281,2.1111068725585938
7r4i__vs__7r4i_D_s0007,7r4i,0.009195327758789062,0.21919035911560059,0.01605367660522461,0.24443936347961426
7r4q__vs__7r4q_D_s0002,7r4q,0.6405463218688965,0.10411351919174194,0.4407069683074951,1.1853668093681335
7r4q__vs__7r4q_D_s0007,7r4q,0.781132698059082,-0.14954328536987305,-0.39873266220092773,0.23285675048828125
7r4r__vs__7r4r_D_s0002,7r4r,6.587906837463379,1.4949660897254944,-2.8176686763763428,5.2652042508125305
7r4r__vs__7r4r_D_s0003,7r4r,-0.4793882369995117,0.05972975492477417,1.2863740921020508,0.8667156100273132
7r4r__vs__7r4r_D_s0004,7r4r,4.773211479187012,0.06360006332397461,-1.1036534309387207,3.7331581115722656
7r4r__vs__7r4r_D_s0005,7r4r,3.5901012420654297,-0.47477030754089355,-1.455413818359375,1.6599171161651611
7r4r__vs__7r4r_D_s0006,7r4r,11.053157806396484,0.5446486473083496,0.10021018981933594,11.69801664352417
7r4r__vs__7r4r_D_s0007,7r4r,13.250570297241211,0.9467835426330566,-1.1455812454223633,13.051772594451904
7r73__vs__7r73_A_s0000,7r73,3.3406009674072266,0.24280869960784912,0.26167964935302734,3.845089316368103
7r73__vs__7r73_A_s0001,7r73,0.1443462371826172,0.0036209970712661743,0.5218545794487,0.6698218137025833
7r73__vs__7r73_A_s0002,7r73,0.4007253646850586,0.23236525058746338,1.5453219413757324,2.1784125566482544
7r73__vs__7r73_A_s0003,7r73,3.4557905197143555,-0.07410985231399536,-1.4899053573608398,1.8917753100395203
7r73__vs__7r73_A_s0007,7r73,2.73142147064209,0.5319702625274658,-2.588498115539551,0.6748936176300049
7rby__vs__7rby_B_s0001,7rby,-1.0799903869628906,1.7968425750732422,0.8571128845214844,1.573965072631836
7rby__vs__7rby_B_s0002,7rby,12.283252716064453,-0.0667562484741211,0.04590415954589844,12.26240062713623
7rby__vs__7rby_B_s0004,7rby,6.353010177612305,0.8060526847839355,3.4621973037719727,10.621260166168213
7rby__vs__7rby_B_s0007,7rby,7.298894882202148,-1.0566625595092773,-0.6805963516235352,5.561635971069336
7ri1__vs__7ri1_B_s0000,7ri1,0.08980005979537964,0.5208941698074341,0.44347047805786133,1.054164707660675
7ri1__vs__7ri1_B_s0001,7ri1,8.271989345550537,0.20534950494766235,0.06841778755187988,8.54575663805008
7ri1__vs__7ri1_B_s0002,7ri1,18.230327606201172,0.24154764413833618,-1.3600950241088867,17.11178022623062
7ri1__vs__7ri1_B_s0003,7ri1,2.3317642211914062,0.017066597938537598,-2.103618621826172,0.24521219730377197
7ri1__vs__7ri1_B_s0007,7ri1,6.387097358703613,0.7543526887893677,-2.535297393798828,4.606152653694153
7s7r__vs__7s7r_B_s0002,7s7r,7.0535054206848145,0.4662461280822754,0.03874325752258301,7.558494806289673
7s7r__vs__7s7r_B_s0006,7s7r,7.266254425048828,0.22581976652145386,0.12492179870605469,7.616995990276337
7sai__vs__7sai_C_s0000,7sai,3.1606836318969727,-0.022118091583251953,1.234121322631836,4.372686862945557
7sai__vs__7sai_C_s0001,7sai,2.855520248413086,0.7216336131095886,3.310401678085327,6.887555539608002
7sai__vs__7sai_C_s0002,7sai,1.094684362411499,0.07470983266830444,0.8461414575576782,2.0155356526374817
7sai__vs__7sai_C_s0003,7sai,23.44594383239746,1.378683090209961,3.430431365966797,28.25505828857422
7sai__vs__7sai_C_s0004,7sai,1.690591812133789,2.2198257446289062,0.9759998321533203,4.886417388916016
7sai__vs__7sai_C_s0006,7sai,1.9850668907165527,-0.07689300179481506,0.8586593866348267,2.7668332755565643
7sai__vs__7sai_C_s0007,7sai,-0.7417864799499512,-0.5345897078514099,1.4544707536697388,0.17809456586837769
7saj__vs__7saj_B_s0000,7saj,8.848623275756836,-0.530510425567627,-0.9812116622924805,7.3369011878967285
7saj__vs__7saj_B_s0001,7saj,4.66220760345459,-0.8990993499755859,-0.6183695793151855,3.1447386741638184
7saj__vs__7saj_B_s0006,7saj,1.74662446975708,-0.37723755836486816,-0.17557907104492188,1.19380784034729
7saj__vs__7saj_B_s0007,7saj,9.522178649902344,0.6668133735656738,-1.523590087890625,8.665401935577393
7sp6__vs__7sp6_B_s0005,7sp6,4.235538005828857,0.1996324062347412,0.36065101623535156,4.79582142829895
7sp6__vs__7sp6_B_s0006,7sp6,17.257699251174927,0.5503827333450317,-0.06019306182861328,17.747888922691345
7spa__vs__7spa_B_s0000,7spa,-0.5824711322784424,0.04412776231765747,0.681511640548706,0.14316827058792114
7spa__vs__7spa_B_s0001,7spa,5.3418049812316895,0.20022302865982056,-0.7336041927337646,4.808423817157745
7spa__vs__7spa_B_s0003,7spa,14.150901794433594,0.6225528717041016,-0.2613792419433594,14.512075424194336
7spa__vs__7spa_B_s0005,7spa,20.111737489700317,0.6696931719779968,-0.24902033805847168,20.532410323619843
7spa__vs__7spa_B_s0006,7spa,24.745709896087646,1.4169548749923706,0.5640630722045898,26.726727843284607
7spa__vs__7spa_B_s0007,7spa,0.27280616760253906,0.21937453746795654,-0.08936357498168945,0.40281713008880615
7tpr__vs__7tpr_D_s0001,7tpr,20.677799701690674,1.204828143119812,-1.3287277221679688,20.553900122642517
7tpr__vs__7tpr_D_s0002,7tpr,10.474516868591309,0.40792202949523926,-1.8484869003295898,9.033951997756958
7tpr__vs__7tpr_D_s0003,7tpr,9.161362648010254,0.4447616934776306,-0.2115011215209961,9.394623219966888
7tpr__vs__7tpr_D_s0004,7tpr,6.886407852172852,0.7931194305419922,-0.2709646224975586,7.408562660217285
7tpr__vs__7tpr_D_s0005,7tpr,12.164477348327637,0.4432150721549988,1.835616111755371,14.443308532238007
7tpr__vs__7tpr_D_s0006,7tpr,13.144790649414062,1.2204475402832031,-0.6316022872924805,13.733635902404785
7tpr__vs__7tpr_D_s0007,7tpr,1.3904876708984375,-0.052219390869140625,-0.49013280868530273,0.8481354713439941
7ubx__vs__7ubx_D_s0000,7ubx,7.358796119689941,-0.7771207094192505,-0.5944890975952148,5.987186312675476
7ubx__vs__7ubx_D_s0001,7ubx,0.2011379599571228,0.03696262836456299,0.005537986755371094,0.24363857507705688
7ubx__vs__7ubx_D_s0004,7ubx,3.9819164276123047,-0.3824723958969116,0.3839540481567383,3.9833980798721313
7ubx__vs__7ubx_D_s0005,7ubx,0.46720200777053833,0.0006185993552207947,-0.42435431480407715,0.043466292321681976
7ubx__vs__7ubx_D_s0006,7ubx,4.188576698303223,0.867229700088501,0.08323478698730469,5.139041185379028
7ubx__vs__7ubx_D_s0007,7ubx,0.6479673385620117,0.42371296882629395,-0.054931640625,1.0167486667633057
7uby__vs__7uby_D_s0001,7uby,1.4238944053649902,0.06925636529922485,2.0370616912841797,3.5302124619483948
7uby__vs__7uby_D_s0005,7uby,5.1243815422058105,0.3478357791900635,-2.261728286743164,3.21048903465271
7uia__vs__7uia_E_s0000,7uia,4.344372749328613,0.4676175117492676,-1.0197110176086426,3.7922792434692383
7uia__vs__7uia_E_s0005,7uia,1.4112205505371094,-0.2461613416671753,1.1155834197998047,2.2806426286697388
7uia__vs__7uia_E_s0006,7uia,7.642426490783691,0.17805832624435425,-2.7085351943969727,5.111949622631073
7uia__vs__7uia_E_s0007,7uia,11.800009727478027,-0.030638813972473145,3.238414764404297,15.007785677909851
7ul3__vs__7ul3_C_s0000,7ul3,0.17963409423828125,-0.08460187911987305,0.4890708923339844,0.5841031074523926
7ul3__vs__7ul3_C_s0001,7ul3,10.145496845245361,0.30458277463912964,-0.06353998184204102,10.38653963804245
7ul3__vs__7ul3_C_s0002,7ul3,15.031824111938477,0.651003360748291,-0.5843315124511719,15.098495960235596
7upm__vs__7upm_B_s0000,7upm,3.960794448852539,-2.183610439300537,0.9397001266479492,2.716884136199951
7upm__vs__7upm_B_s0001,7upm,4.187641739845276,0.013721227645874023,-0.588283896446228,3.613079071044922
7upm__vs__7upm_B_s0002,7upm,12.767242431640625,0.006864070892333984,-1.2948932647705078,11.479213237762451
7upm__vs__7upm_B_s0003,7upm,5.770590782165527,0.021066784858703613,-1.738835334777832,4.052822232246399
7upm__vs__7upm_B_s0004,7upm,4.077963829040527,0.8348591327667236,-1.7842521667480469,3.128570795059204
7upm__vs__7upm_B_s0006,7upm,1.4698634147644043,0.20819568634033203,-0.9605526924133301,0.7175064086914062
7upm__vs__7upm_B_s0007,7upm,22.618547439575195,0.5168330669403076,0.39963865280151367,23.535019159317017
7ust__vs__7ust_B_s0000,7ust,1.3171396255493164,-0.23849904537200928,0.8573456332087517,1.9359862133860588
7ust__vs__7ust_B_s0001,7ust,5.008499622344971,0.18124914169311523,-1.8300161361694336,3.3597326278686523
7ust__vs__7ust_B_s0002,7ust,0.3314986228942871,0.007510930299758911,-0.005874179303646088,0.33313537389039993
7ust__vs__7ust_B_s0003,7ust,4.368917465209961,0.23276221752166748,1.637711524963379,6.239391207695007
7ust__vs__7ust_B_s0004,7ust,14.647485733032227,0.7617802023887634,2.037022113800049,17.44628804922104
7ust__vs__7ust_B_s0006,7ust,2.425765037536621,-0.25453269481658936,1.0851826667785645,3.256415009498596
7ust__vs__7ust_B_s0007,7ust,1.8347702026367188,0.15321491658687592,-0.004734925925731659,1.983250193297863
7usv__vs__7usv_D_s0000,7usv,11.18704891204834,0.21446362137794495,0.631138801574707,12.032651335000992
7usv__vs__7usv_D_s0001,7usv,0.6408894062042236,0.1429881751537323,0.7144801616668701,1.498357743024826
7usv__vs__7usv_D_s0002,7usv,-0.2249290943145752,0.004788212478160858,0.7587484121322632,0.5386075302958488
7usv__vs__7usv_D_s0003,7usv,3.367925524711609,0.9839302897453308,0.7048332691192627,5.056689083576202
7usv__vs__7usv_D_s0004,7usv,17.363672256469727,0.21054112911224365,2.1943860054016113,19.76859939098358
7usv__vs__7usv_D_s0006,7usv,-1.14314603805542,0.00966489315032959,4.238603591918945,3.105122447013855
7usv__vs__7usv_D_s0007,7usv,2.4649834632873535,-0.5326352119445801,0.20194482803344727,2.1342930793762207
7voa__vs__7voa_A_s0000,7voa,0.2755711078643799,0.03649335354566574,1.2838047742843628,1.5958692356944084
7voa__vs__7voa_A_s0001,7voa,1.5052566528320312,0.09844398498535156,-1.0689587593078613,0.5347418785095215
7voa__vs__7voa_A_s0002,7voa,6.4377294182777405,0.24125154316425323,-0.22377264499664307,6.455208316445351
7voa__vs__7voa_A_s0003,7voa,4.349473774433136,0.2744866609573364,0.9827588796615601,5.6067193150520325
7voa__vs__7voa_A_s0004,7voa,26.946908473968506,0.5723034739494324,0.42630767822265625,27.945519626140594
7voa__vs__7voa_A_s0005,7voa,2.6957186460494995,0.028976023197174072,-2.0723729133605957,0.6523217558860779
7voa__vs__7voa_A_s0006,7voa,5.189082145690918,0.13533735275268555,-2.498544216156006,2.8258752822875977
7voa__vs__7voa_A_s0007,7voa,9.097230851650238,0.6495818793773651,2.139838695526123,11.886651426553726
7w1s__vs__7w1s_B_s0003,7w1s,4.05125617980957,-0.30717015266418457,0.3520622253417969,4.096148252487183
7wcm__vs__7wcm_N_s0001,7wcm,2.2650227546691895,-0.12463724613189697,1.275374412536621,3.4157599210739136
7wcm__vs__7wcm_N_s0002,7wcm,0.13561636209487915,0.043872058391571045,-0.0014805719256401062,0.1780078485608101
7wcm__vs__7wcm_N_s0003,7wcm,0.3365802764892578,0.34161433577537537,0.06582310423254967,0.7440177164971828
7wcm__vs__7wcm_N_s0006,7wcm,0.39151328802108765,0.14659899473190308,-0.0002415180206298828,0.5378707647323608
7wki__vs__7wki_B_s0000,7wki,0.38321876525878906,-0.04450904577970505,0.33614349365234375,0.6748532131314278
7wki__vs__7wki_B_s0001,7wki,4.628744125366211,0.6600794792175293,-0.2186279296875,5.07019567489624
7wki__vs__7wki_B_s0002,7wki,20.636698246002197,0.12299394607543945,3.079246997833252,23.83893918991089
7wki__vs__7wki_B_s0005,7wki,0.5519626140594482,0.04453682899475098,0.2713160514831543,0.8678154945373535
7wki__vs__7wki_B_s0006,7wki,1.898359775543213,0.4182038903236389,-0.5063886642456055,1.8101750016212463
7wki__vs__7wki_B_s0007,7wki,5.970800399780273,-0.059468746185302734,2.0839905738830566,7.995322227478027
7wn1__vs__7wn1_C_s0001,7wn1,22.71901512145996,1.2209734916687012,0.547752857208252,24.487741470336914
7wn1__vs__7wn1_C_s0002,7wn1,11.635138988494873,0.39671599864959717,-0.009931087493896484,12.021923899650574
7wn1__vs__7wn1_C_s0007,7wn1,0.5017024874687195,0.07421758770942688,0.7845306396484375,1.3604507148265839
7x2l__vs__7x2l_B_s0002,7x2l,16.23218607902527,0.5266387462615967,-0.6456341743469238,16.11319065093994
7x2l__vs__7x2l_B_s0006,7x2l,5.530191898345947,0.26320552825927734,0.7386064529418945,6.532003879547119
7x2l__vs__7x2l_B_s0007,7x2l,4.732682704925537,0.9652304649353027,1.8333520889282227,7.5312652587890625
7xld__vs__7xld_B_s0000,7xld,7.279573440551758,0.4014902114868164,2.128213882446289,9.809277534484863
7xld__vs__7xld_B_s0001,7xld,14.247629165649414,0.17816650867462158,-0.6862077713012695,13.739587903022766
7xld__vs__7xld_B_s0002,7xld,9.316608428955078,0.8410677909851074,-1.7834434509277344,8.374232769012451
7xld__vs__7xld_B_s0003,7xld,15.986034393310547,5.803332328796387,-0.013311386108398438,21.776055335998535
7xld__vs__7xld_B_s0004,7xld,4.793561220169067,-0.2496054768562317,-2.7153329849243164,1.8286227583885193
7xld__vs__7xld_B_s0005,7xld,6.3555755615234375,1.368769645690918,-1.3500308990478516,6.374314308166504
7xld__vs__7xld_B_s0006,7xld,8.071805953979492,0.06262922286987305,-1.847076416015625,6.28735876083374
7xp4__vs__7xp4_N_s0000,7xp4,5.097110569477081,0.0010482966899871826,1.9495564699172974,7.047715336084366
7xp4__vs__7xp4_N_s0002,7xp4,12.536362409591675,0.4757106304168701,0.765411376953125,13.77748441696167
7xp4__vs__7xp4_N_s0005,7xp4,3.7050933837890625,0.17498135566711426,2.1355762481689453,6.015650987625122
7xp4__vs__7xp4_N_s0006,7xp4,6.040027618408203,0.4342799186706543,-1.7658958435058594,4.708411693572998
7xp4__vs__7xp4_N_s0007,7xp4,7.382807731628418,0.47257018089294434,1.0689787864685059,8.924356698989868
7xqv__vs__7xqv_B_s0001,7xqv,4.314618945121765,0.36019009351730347,0.2883894443511963,4.963198482990265
7xqv__vs__7xqv_B_s0003,7xqv,6.260395050048828,0.6450567245483398,-0.035717010498046875,6.869734764099121
7xqv__vs__7xqv_B_s0005,7xqv,13.43841552734375,-0.5332417488098145,0.6973533630371094,13.602527141571045
7xqv__vs__7xqv_B_s0006,7xqv,10.243034362792969,1.1578943729400635,-1.3348150253295898,10.066113710403442
7xw6__vs__7xw6_Y_s0000,7xw6,19.69991111755371,1.2901475429534912,1.1561565399169922,22.146215200424194
7xw6__vs__7xw6_Y_s0001,7xw6,12.332911491394043,-0.22014808654785156,0.4149198532104492,12.52768325805664
7xw6__vs__7xw6_Y_s0002,7xw6,0.8845195174217224,0.15392667055130005,0.36273694038391113,1.4011831283569336
7xw6__vs__7xw6_Y_s0003,7xw6,12.651220321655273,-0.9664020538330078,-2.347031593322754,9.337786674499512
7xw6__vs__7xw6_Y_s0005,7xw6,13.435562133789062,0.1999659538269043,-1.3283424377441406,12.307185649871826
7xw6__vs__7xw6_Y_s0007,7xw6,5.178119659423828,-1.7462960481643677,0.4900531768798828,3.9218767881393433
7y9t__vs__7y9t_D_s0000,7y9t,9.706199645996094,-1.342125415802002,-0.8096799850463867,7.554394245147705
7y9t__vs__7y9t_D_s0003,7y9t,5.847736358642578,-0.6616134643554688,0.6493873596191406,5.83551025390625
7y9t__vs__7y9t_D_s0004,7y9t,1.5595102310180664,1.1651759147644043,-0.3986499309539795,2.326036214828491
7y9t__vs__7y9t_D_s0005,7y9t,4.493401527404785,-0.45579957962036133,-2.1445178985595703,1.8930840492248535
7y9t__vs__7y9t_D_s0006,7y9t,-0.6356792449951172,1.3252586126327515,1.551600456237793,2.2411798238754272
7z1c__vs__7z1c_B_s0000,7z1c,18.31513786315918,0.5498412251472473,0.2526817321777344,19.11766082048416
7z1c__vs__7z1c_B_s0001,7z1c,13.83885383605957,0.10553348064422607,-1.850379467010498,12.094007849693298
7z1c__vs__7z1c_B_s0002,7z1c,6.782715320587158,0.2584170699119568,0.656001091003418,7.697133481502533
7z1c__vs__7z1c_B_s0003,7z1c,13.555168151855469,0.6722779273986816,0.3144969940185547,14.541943073272705
7z1c__vs__7z1c_B_s0004,7z1c,5.377521514892578,0.6786390542984009,-1.14341402053833,4.912746548652649
7z1c__vs__7z1c_B_s0006,7z1c,12.9003267288208,0.3843040466308594,0.19458961486816406,13.479220390319824
7z1c__vs__7z1c_B_s0007,7z1c,4.338562965393066,1.0597515106201172,1.0615429878234863,6.45985746383667
7z6v__vs__7z6v_X_s0000,7z6v,8.1703519821167,0.20128583908081055,2.2528793811798096,10.62451720237732
7z6v__vs__7z6v_X_s0001,7z6v,0.8486809730529785,-0.025924384593963623,0.48813438415527344,1.3108909726142883
7z6v__vs__7z6v_X_s0002,7z6v,2.072286605834961,0.19893759489059448,1.9304676055908203,4.201691806316376
7z6v__vs__7z6v_X_s0004,7z6v,3.0065784454345703,0.20427408814430237,0.16417968273162842,3.375032216310501
7z6v__vs__7z6v_X_s0005,7z6v,9.696352005004883,0.8960191011428833,1.420018196105957,12.012389302253723
7z6v__vs__7z6v_X_s0006,7z6v,0.37552595138549805,-0.1452852189540863,-0.21393108367919922,0.016309648752212524
7z6v__vs__7z6v_X_s0007,7z6v,0.6203522682189941,0.02882137894630432,-0.5679143667221069,0.08125928044319153
7z7x__vs__7z7x_F_s0000,7z7x,3.3242874145507812,-0.056902021169662476,0.8179354667663574,4.085320860147476
7z7x__vs__7z7x_F_s0001,7z7x,11.704766273498535,0.1490490436553955,2.571709632873535,14.425524950027466
7z7x__vs__7z7x_F_s0003,7z7x,6.210012435913086,-0.4160858392715454,0.051973819732666016,5.8459004163742065
7z7x__vs__7z7x_F_s0004,7z7x,0.12796390056610107,0.033404573798179626,0.7018656730651855,0.8632341474294662
7z7x__vs__7z7x_F_s0005,7z7x,4.852763652801514,0.11764875054359436,1.1928019523620605,6.163214355707169
7z7x__vs__7z7x_F_s0006,7z7x,0.8270562887191772,0.18842168152332306,0.973017692565918,1.9884956628084183
7z7x__vs__7z7x_F_s0007,7z7x,9.335716247558594,0.8790748119354248,2.9303274154663086,13.145118474960327
7z85__vs__7z85_F_s0000,7z85,0.5087423324584961,0.3004322797060013,0.15899765491485596,0.9681722670793533
7z85__vs__7z85_F_s0001,7z85,6.637470245361328,0.6349402666091919,2.332082748413086,9.604493260383606
7z85__vs__7z85_F_s0002,7z85,4.992959022521973,0.15425467491149902,-2.954824924468994,2.1923887729644775
7z85__vs__7z85_F_s0004,7z85,2.5445218086242676,0.03726679086685181,-0.6103177070617676,1.9714708924293518
7z85__vs__7z85_F_s0005,7z85,2.836973190307617,0.22768306732177734,0.37134647369384766,3.436002731323242
7z85__vs__7z85_F_s0007,7z85,7.562918663024902,-0.0017688870429992676,-0.04845142364501953,7.5126983523368835
7z86__vs__7z86_X_s0000,7z86,14.62193489074707,0.5506020784378052,0.3752422332763672,15.547779202461243
7z86__vs__7z86_X_s0004,7z86,6.252251625061035,-0.1969977617263794,-0.11835193634033203,5.936901926994324
7z86__vs__7z86_X_s0007,7z86,5.310260772705078,0.06520497798919678,-0.43819141387939453,4.93727433681488
7z9q__vs__7z9q_D_s0000,7z9q,-0.8171439170837402,-0.06689727306365967,1.4386019706726074,0.5545607805252075
7z9q__vs__7z9q_D_s0003,7z9q,0.039247751235961914,0.02635440230369568,0.9473574757575989,1.0129596292972565
7z9q__vs__7z9q_D_s0005,7z9q,0.6835638880729675,0.20435231924057007,0.10183072090148926,0.9897469282150269
7z9q__vs__7z9q_D_s0006,7z9q,0.8681774139404297,0.5057001113891602,0.4322052001953125,1.8060827255249023
7z9q__vs__7z9q_D_s0007,7z9q,3.9824585914611816,0.036610573530197144,-1.0422329902648926,2.976836174726486
7zau__vs__7zau_B_s0000,7zau,7.638725280761719,0.5264321565628052,-0.39557456970214844,7.7695828676223755
7zau__vs__7zau_B_s0001,7zau,16.808173179626465,1.0729010105133057,1.065810203552246,18.946884393692017
7zau__vs__7zau_B_s0002,7zau,10.969932556152344,-0.01647210121154785,3.1560702323913574,14.109530687332153
7zau__vs__7zau_B_s0003,7zau,7.530813217163086,0.25086498260498047,0.08508014678955078,7.866758346557617
7zau__vs__7zau_B_s0004,7zau,0.6674056053161621,0.018712997436523438,0.15593338012695312,0.8420519828796387
7zau__vs__7zau_B_s0005,7zau,12.311508178710938,0.4592142105102539,-1.8580539226531982,10.912668466567993
7zau__vs__7zau_B_s0006,7zau,13.464208602905273,-0.19344639778137207,-0.03784656524658203,13.23291563987732
7zau__vs__7zau_B_s0007,7zau,10.299929141998291,-0.13647782802581787,2.3707971572875977,12.53424847126007
7zf4__vs__7zf4_F_s0000,7zf4,3.4630136489868164,0.04734262824058533,1.7944202423095703,5.304776519536972
7zf4__vs__7zf4_F_s0001,7zf4,5.76744270324707,0.31975603103637695,-0.7912607192993164,5.295938014984131
7zf4__vs__7zf4_F_s0002,7zf4,9.742690086364746,0.27677223086357117,0.7404892444610596,10.759951561689377
7zf4__vs__7zf4_F_s0003,7zf4,4.6192779541015625,0.35875023901462555,-0.7141728401184082,4.26385535299778
7zf4__vs__7zf4_F_s0004,7zf4,2.7268601655960083,0.14870554208755493,-1.3744213581085205,1.5011443495750427
7zf4__vs__7zf4_F_s0005,7zf4,10.273433685302734,0.3977794647216797,2.413882255554199,13.085095405578613
7zf4__vs__7zf4_F_s0006,7zf4,11.21705675125122,0.10234129428863525,-0.22947931289672852,11.089918732643127
7zf4__vs__7zf4_F_s0007,7zf4,10.567960739135742,0.2278674840927124,0.578178882598877,11.374007105827332
7zg0__vs__7zg0_G_s0001,7zg0,4.482669830322266,1.58048677444458,-2.3953704833984375,3.667786121368408
7zg0__vs__7zg0_G_s0004,7zg0,2.966623306274414,-0.5423402786254883,-1.9262914657592773,0.49799156188964844
7zkz__vs__7zkz_B_s0000,7zkz,12.868160247802734,1.5862536430358887,0.2676258087158203,14.722039699554443
7zkz__vs__7zkz_B_s0002,7zkz,10.223578453063965,0.6469316482543945,-1.3360710144042969,9.534439086914062
7zkz__vs__7zkz_B_s0003,7zkz,13.801109313964844,-0.4510369300842285,2.366304397583008,15.716376781463623
7zkz__vs__7zkz_B_s0004,7zkz,11.019683837890625,2.246633529663086,3.4780969619750977,16.74441432952881
7zkz__vs__7zkz_B_s0005,7zkz,5.819599151611328,1.708263874053955,-0.5864467620849609,6.941416263580322
7zkz__vs__7zkz_B_s0007,7zkz,3.6990432739257812,0.01981818675994873,-0.4806227684020996,3.2382386922836304
7zmn__vs__7zmn_K_s0000,7zmn,-0.12217748165130615,-0.025622308254241943,0.2252700924873352,0.07747030258178711
7zmn__vs__7zmn_K_s0002,7zmn,3.123089849948883,0.03162609040737152,1.3577607870101929,4.5124767273664474
7zmn__vs__7zmn_K_s0003,7zmn,1.603017807006836,-0.2719132900238037,3.0052566528320312,4.3363611698150635
7zmn__vs__7zmn_K_s0004,7zmn,8.817924499511719,0.6159148812294006,2.370429039001465,11.804268419742584
7zmn__vs__7zmn_K_s0005,7zmn,3.7092390060424805,0.8369147777557373,1.1681561470031738,5.714309930801392
7zmn__vs__7zmn_K_s0006,7zmn,1.675239086151123,0.31539422273635864,0.5939369201660156,2.5845702290534973
7zmn__vs__7zmn_K_s0007,7zmn,6.046772003173828,-0.4362490177154541,1.7598676681518555,7.3703906536102295
7zmo__vs__7zmo_K_s0001,7zmo,4.604794979095459,0.22320842742919922,-0.33135366439819336,4.496649742126465
7zmo__vs__7zmo_K_s0002,7zmo,1.6308841705322266,0.10431843996047974,-0.43250465393066406,1.3026979565620422
7zmo__vs__7zmo_K_s0003,7zmo,5.504177093505859,0.19424474239349365,-0.016732215881347656,5.681689620018005
7zmo__vs__7zmo_K_s0004,7zmo,0.5484330654144287,0.5087392926216125,1.5138046741485596,2.570977032184601
7zmo__vs__7zmo_K_s0005,7zmo,19.06714630126953,0.5661075711250305,4.835641384124756,24.468895256519318
7zmo__vs__7zmo_K_s0007,7zmo,8.000905990600586,0.022948026657104492,3.2363367080688477,11.260190725326538
7zmp__vs__7zmp_K_s0000,7zmp,5.553595542907715,-0.19956046342849731,0.1761493682861328,5.53018444776535
7zmp__vs__7zmp_K_s0001,7zmp,-0.14890384674072266,0.5517249703407288,1.0857499837875366,1.4885711073875427
7zmp__vs__7zmp_K_s0002,7zmp,-1.6635724306106567,-0.032259345054626465,2.4056537449359894,0.7098219692707062
7zmp__vs__7zmp_K_s0003,7zmp,13.925875663757324,0.7787832021713257,2.839873790740967,17.544532656669617
7zmp__vs__7zmp_K_s0004,7zmp,0.3019418716430664,-0.05945497751235962,1.9490244388580322,2.191511332988739
7zmp__vs__7zmp_K_s0005,7zmp,13.103302001953125,1.6847989559173584,0.8740897178649902,15.662190675735474
7zmp__vs__7zmp_K_s0006,7zmp,3.2888070344924927,0.15444274246692657,0.8622272610664368,4.305477038025856
7zmp__vs__7zmp_K_s0007,7zmp,16.177520751953125,0.36196935176849365,2.9553332328796387,19.494823336601257
7zmq__vs__7zmq_K_s0000,7zmq,17.885769844055176,-0.058529436588287354,2.467677593231201,20.29491800069809
7zmq__vs__7zmq_K_s0001,7zmq,19.294248580932617,0.22506201267242432,4.824826240539551,24.344136834144592
7zmq__vs__7zmq_K_s0002,7zmq,2.816497802734375,0.13129830360412598,0.6758451461791992,3.6236412525177
7zmq__vs__7zmq_K_s0004,7zmq,6.045013427734375,-0.10005533695220947,1.337808609008789,7.282766699790955
7zmq__vs__7zmq_K_s0005,7zmq,8.003183841705322,-0.1497204303741455,1.9729976654052734,9.82646107673645
7zmq__vs__7zmq_K_s0006,7zmq,15.253401756286621,-0.49327099323272705,4.180097579956055,18.94022834300995
7zmq__vs__7zmq_K_s0007,7zmq,4.891806602478027,0.05919399857521057,2.7501800060272217,7.70118060708046
7zmr__vs__7zmr_K_s0000,7zmr,13.366729736328125,0.29868507385253906,1.2136735916137695,14.879088401794434
7zmr__vs__7zmr_K_s0001,7zmr,4.2598724365234375,0.09099578857421875,-0.21313953399658203,4.137728691101074
7zmr__vs__7zmr_K_s0002,7zmr,5.274243593215942,0.8380272388458252,1.7785487174987793,7.890819549560547
7zmr__vs__7zmr_K_s0003,7zmr,12.168534278869629,0.4292556047439575,1.6351304054260254,14.232920289039612
7zmr__vs__7zmr_K_s0005,7zmr,1.887520670890808,0.333342045545578,1.78057062625885,4.001433342695236
7zmr__vs__7zmr_K_s0006,7zmr,3.4934940338134766,0.23288536071777344,0.1445941925048828,3.870973587036133
7zmr__vs__7zmr_K_s0007,7zmr,11.381362915039062,0.6818374395370483,2.348806381225586,14.412006735801697
7zms__vs__7zms_K_s0000,7zms,1.692976951599121,0.5231000185012817,0.6835687160491943,2.899645686149597
7zms__vs__7zms_K_s0001,7zms,2.661776542663574,-0.1018381118774414,0.24184608459472656,2.8017845153808594
7zms__vs__7zms_K_s0002,7zms,12.289648532867432,0.4078460931777954,2.930824041366577,15.628318667411804
7zms__vs__7zms_K_s0003,7zms,5.689276695251465,-0.2536907196044922,3.0762667655944824,8.511852741241455
7zms__vs__7zms_K_s0004,7zms,6.748286724090576,0.22916418313980103,1.3524760603904724,8.32992696762085
7zms__vs__7zms_K_s0005,7zms,4.2122297286987305,0.5066921710968018,2.92289400100708,7.641815900802612
7zms__vs__7zms_K_s0006,7zms,3.5996246337890625,0.471433162689209,1.302931785583496,5.373989582061768
7zms__vs__7zms_K_s0007,7zms,7.243695259094238,-0.12679415941238403,2.729764461517334,9.846665561199188
7zmv__vs__7zmv_K_s0000,7zmv,11.131430625915527,-0.028215348720550537,1.5262303352355957,12.629445612430573
7zmv__vs__7zmv_K_s0001,7zmv,9.229546070098877,0.1470300555229187,2.549904704093933,11.926480829715729
7zmv__vs__7zmv_K_s0002,7zmv,9.90505051612854,-0.0030860304832458496,1.031322956085205,10.9332874417305
7zmv__vs__7zmv_K_s0003,7zmv,0.41902637481689453,-0.15023791790008545,0.18747758865356445,0.45626604557037354
7zmv__vs__7zmv_K_s0004,7zmv,6.907618999481201,0.8452720642089844,2.7535014152526855,10.506392478942871
7zmv__vs__7zmv_K_s0005,7zmv,-1.002121925354004,-0.33738529682159424,1.3469648361206055,0.007457613945007324
7zmv__vs__7zmv_K_s0006,7zmv,1.290593147277832,0.4175131320953369,3.277266502380371,4.98537278175354
7zmv__vs__7zmv_K_s0007,7zmv,10.65498971939087,0.8181521892547607,3.5146169662475586,14.987758874893188
7zw1__vs__7zw1_C_s0000,7zw1,23.31366539001465,-0.10564374923706055,-0.07997989654541016,23.128041744232178
7zw1__vs__7zw1_C_s0005,7zw1,0.2641584873199463,-4.3332576751708984e-05,0.3683454990386963,0.6324606537818909
7zw1__vs__7zw1_C_s0007,7zw1,6.689135551452637,0.030925273895263672,-1.1455392837524414,5.574521541595459
8apy__vs__8apy_C_s0001,8apy,7.767982482910156,0.511677622795105,-1.0301265716552734,7.249533534049988
8apy__vs__8apy_C_s0002,8apy,3.9370436668395996,0.31944918632507324,0.3893735408782959,4.645866394042969
8apy__vs__8apy_C_s0003,8apy,5.836150169372559,0.22199970483779907,0.7142429351806641,6.772392809391022
8apy__vs__8apy_C_s0005,8apy,3.3234524726867676,-0.21069958806037903,-1.6956291198730469,1.4171237647533417
8apy__vs__8apy_C_s0006,8apy,9.151361465454102,0.5993607044219971,-0.5195541381835938,9.231168031692505
8b1a__vs__8b1a_B_s0003,8b1a,1.550304889678955,0.20443201065063477,-0.2710747718811035,1.4836621284484863
8b1a__vs__8b1a_B_s0006,8b1a,3.4204607009887695,0.5582842230796814,-0.7681522369384766,3.2105926871299744
8b1a__vs__8b1a_B_s0007,8b1a,6.888747215270996,0.0044838786125183105,-2.5734176635742188,4.319813430309296
8b7w__vs__8b7w_H_s0001,8b7w,-0.4029693603515625,0.027338027954101562,5.341178894042969,4.965547561645508
8b7w__vs__8b7w_H_s0003,8b7w,10.75411605834961,0.7511885166168213,-0.07568836212158203,11.429616212844849
8b7w__vs__8b7w_H_s0004,8b7w,16.03797435760498,2.406773805618286,-3.953131675720215,14.491616487503052
8b7w__vs__8b7w_H_s0005,8b7w,1.7926368713378906,1.5028190612792969,0.9931354522705078,4.288591384887695
8b7w__vs__8b7w_H_s0007,8b7w,3.1485490798950195,0.11118024587631226,-0.3597043752670288,2.900024950504303
8b8i__vs__8b8i_A_s0000,8b8i,2.6118340492248535,-0.4268970489501953,0.6799942255020142,2.8649312257766724
8b8i__vs__8b8i_A_s0001,8b8i,3.0867395401000977,-0.6264526844024658,1.190385341644287,3.650672197341919
8b8i__vs__8b8i_A_s0002,8b8i,3.825502395629883,-0.20302677154541016,0.6432652473449707,4.265740871429443
8b8i__vs__8b8i_A_s0003,8b8i,12.92939281463623,0.4304082989692688,1.4674086570739746,14.827209770679474
8b8i__vs__8b8i_A_s0004,8b8i,5.105932235717773,-1.333860158920288,0.8880043029785156,4.660076379776001
8b8i__vs__8b8i_A_s0005,8b8i,0.7154417037963867,0.13707077503204346,1.6984925270080566,2.551005005836487
8b8i__vs__8b8i_A_s0006,8b8i,0.9763351678848267,0.4848698377609253,-0.6163961291313171,0.8448088765144348
8b8i__vs__8b8i_A_s0007,8b8i,4.421773910522461,-0.03329801559448242,1.8403096199035645,6.228785514831543
8bb7__vs__8bb7_D_s0000,8bb7,2.01934814453125,0.27905356884002686,-0.8645572662353516,1.4338444471359253
8bb7__vs__8bb7_D_s0002,8bb7,10.913874626159668,1.1281111240386963,-0.7928428649902344,11.24914288520813
8bb7__vs__8bb7_D_s0003,8bb7,8.462518513202667,0.26501642167568207,1.3185977935791016,10.04613272845745
8bb7__vs__8bb7_D_s0005,8bb7,8.97046947479248,0.8890758156776428,-0.053890228271484375,9.805655062198639
8bb7__vs__8bb7_D_s0006,8bb7,5.571331024169922,0.19303548336029053,1.2883296012878418,7.052696108818054
8bb7__vs__8bb7_D_s0007,8bb7,11.386048793792725,0.9393882751464844,-1.730088233947754,10.595348834991455
8be2__vs__8be2_N_s0000,8be2,3.227405071258545,-0.12916076183319092,-1.2882399559020996,1.8100043535232544
8be2__vs__8be2_N_s0002,8be2,3.7462539672851562,0.07210159301757812,-0.12454557418823242,3.693809986114502
8be2__vs__8be2_N_s0006,8be2,0.8163795471191406,0.38362789154052734,1.6695489883422852,2.869556427001953
8bev__vs__8bev_B_s0000,8bev,1.9488439559936523,0.11126989126205444,2.395169258117676,4.455283105373383
8bev__vs__8bev_B_s0001,8bev,3.8206300735473633,0.007242441177368164,0.8417272567749023,4.669599771499634
8bev__vs__8bev_B_s0002,8bev,8.88224983215332,-0.8868980407714844,0.40851879119873047,8.403870582580566
8bev__vs__8bev_B_s0004,8bev,7.054502487182617,-1.0086420774459839,-3.6714372634887695,2.3744231462478638
8bev__vs__8bev_B_s0005,8bev,3.3863449096679688,-0.12055027484893799,0.7641334533691406,4.029928088188171
8bev__vs__8bev_B_s0006,8bev,0.7094345092773438,-0.3459363579750061,0.9392907619476318,1.3027889132499695
8bev__vs__8bev_B_s0007,8bev,6.8498921394348145,-0.3248308300971985,-1.3119874000549316,5.213073909282684
8c5h__vs__8c5h_N_s0001,8c5h,3.2261123657226562,0.0019998550415039062,-0.9062280654907227,2.3218841552734375
8c5h__vs__8c5h_N_s0002,8c5h,5.536489486694336,2.1038119792938232,-3.0721049308776855,4.568196535110474
8c5h__vs__8c5h_N_s0005,8c5h,0.5022697448730469,-0.42113304138183594,0.3886575698852539,0.46979427337646484
8c5h__vs__8c5h_N_s0006,8c5h,5.423097610473633,0.2036253809928894,-2.8259615898132324,2.80076140165329
8c5h__vs__8c5h_N_s0007,8c5h,6.857346534729004,0.18760395050048828,-0.24579906463623047,6.799151420593262
8c8p__vs__8c8p_H_s0006,8c8p,8.508347511291504,-0.05467343330383301,0.35538578033447266,8.809059858322144
8cau__vs__8cau_F_s0000,8cau,8.228314399719238,0.20425212383270264,3.713467597961426,12.146034121513367
8cau__vs__8cau_F_s0001,8cau,1.8991279602050781,0.019314289093017578,-0.42086029052734375,1.497581958770752
8cau__vs__8cau_F_s0005,8cau,2.4978713989257812,-0.3216747045516968,0.7109160423278809,2.8871127367019653
8cau__vs__8cau_F_s0006,8cau,6.2690582275390625,0.05154743790626526,1.0762844681739807,7.3968901336193085
8cau__vs__8cau_F_s0007,8cau,1.6008882522583008,-0.3768954277038574,0.8606147766113281,2.0846076011657715
8cd0__vs__8cd0_C_s0000,8cd0,1.678966760635376,0.08456873893737793,0.5122842788696289,2.275819778442383
8cd0__vs__8cd0_C_s0001,8cd0,12.386133193969727,0.8276991844177246,1.8426742553710938,15.056506633758545
8cd0__vs__8cd0_C_s0002,8cd0,2.7095435857772827,0.39387913048267365,1.075843334197998,4.179266050457954
8cd0__vs__8cd0_C_s0004,8cd0,14.10629653930664,-0.013404011726379395,0.21957921981811523,14.312471747398376
8cd0__vs__8cd0_C_s0005,8cd0,8.562853455543518,0.22206512093544006,1.9413037300109863,10.726222306489944
8cd0__vs__8cd0_C_s0006,8cd0,9.44906210899353,0.7241306304931641,0.35965538024902344,10.532848119735718
8cd0__vs__8cd0_C_s0007,8cd0,1.031393051147461,-0.1399412751197815,-0.7058534622192383,0.18559831380844116
8cml__vs__8cml_A_s0000,8cml,10.90956974029541,0.7137935161590576,0.6618609428405762,12.285224199295044
8cml__vs__8cml_A_s0003,8cml,1.5091066360473633,0.782082200050354,0.09833908081054688,2.389527916908264
8cml__vs__8cml_A_s0005,8cml,5.607664108276367,0.4342716932296753,0.23979473114013672,6.281730532646179
8cml__vs__8cml_A_s0006,8cml,2.1414875984191895,-0.020299986004829407,1.4503207206726074,3.5715083330869675
8coe__vs__8coe_B_s0000,8coe,17.5988712310791,2.173289656639099,-0.22943830490112305,19.542722582817078
8coe__vs__8coe_B_s0002,8coe,0.5067234039306641,0.3030219078063965,1.7859077453613281,2.5956530570983887
8coe__vs__8coe_B_s0004,8coe,3.472780704498291,0.6745195388793945,2.6133347749710083,6.760635018348694
8coe__vs__8coe_B_s0005,8coe,0.4457740783691406,0.47923389077186584,0.210712730884552,1.1357207000255585
8coe__vs__8coe_B_s0006,8coe,6.183193206787109,0.5583720207214355,0.4685039520263672,7.210069179534912
8coe__vs__8coe_B_s0007,8coe,5.340093612670898,1.2087469100952148,0.021484851837158203,6.5703253746032715
8cwv__vs__8cwv_B_s0000,8cwv,8.896797180175781,-2.1020119190216064,0.3046684265136719,7.099453687667847
8cwv__vs__8cwv_B_s0001,8cwv,6.4758687019348145,0.605098307132721,-2.833620309829712,4.2473466992378235
8cwv__vs__8cwv_B_s0002,8cwv,6.107244253158569,0.6958061754703522,-4.040816783905029,2.762233644723892
8cwv__vs__8cwv_B_s0006,8cwv,11.695144653320312,0.38347387313842773,-3.8198704719543457,8.258748054504395
8cxn__vs__8cxn_D_s0002,8cxn,2.7283201217651367,-0.45035290718078613,-1.1462502479553223,1.1317169666290283
8cxn__vs__8cxn_D_s0003,8cxn,6.897149562835693,0.1271355152130127,0.011433601379394531,7.035718679428101
8cxn__vs__8cxn_D_s0004,8cxn,7.191191673278809,-0.01337885856628418,-2.1231508255004883,5.054661989212036
8cxn__vs__8cxn_D_s0005,8cxn,5.401397705078125,0.040741562843322754,1.6763043403625488,7.118443608283997
8cxn__vs__8cxn_D_s0007,8cxn,3.1795215606689453,-0.31282544136047363,-1.1391067504882812,1.7275893688201904
8cxq__vs__8cxq_D_s0003,8cxq,6.1049113273620605,1.3762746155261993,0.2281804084777832,7.709366351366043
8cxq__vs__8cxq_D_s0004,8cxq,2.657008171081543,0.025231003761291504,-0.9993228912353516,1.682916283607483
8cxq__vs__8cxq_D_s0007,8cxq,16.354549407958984,0.7180224657058716,-1.084172248840332,15.988399624824524
8cy9__vs__8cy9_D_s0000,8cy9,6.700094223022461,0.08298933506011963,0.007644176483154297,6.790727734565735
8cy9__vs__8cy9_D_s0002,8cy9,9.253313302993774,0.4696768522262573,0.12296772003173828,9.84595787525177
8cy9__vs__8cy9_D_s0004,8cy9,7.589443683624268,0.39432376623153687,-0.2826547622680664,7.701112687587738
8cy9__vs__8cy9_D_s0005,8cy9,5.3364715576171875,1.1697824597358704,1.3913021087646484,7.897556126117706
8cy9__vs__8cy9_D_s0007,8cy9,3.306324005126953,0.7003763318061829,0.015233993530273438,4.021934330463409
8cya__vs__8cya_D_s0000,8cya,7.093343257904053,-0.3631124496459961,-3.2151894569396973,3.5150413513183594
8cya__vs__8cya_D_s0001,8cya,1.990962028503418,-0.08709150552749634,0.18823671340942383,2.0921072363853455
8cya__vs__8cya_D_s0002,8cya,0.9522802829742432,-0.1625206470489502,-0.65476393699646,0.134995698928833
8cya__vs__8cya_D_s0004,8cya,4.128557205200195,0.5604915618896484,1.449319839477539,6.138368606567383
8cya__vs__8cya_D_s0005,8cya,3.85848331451416,-0.5782128572463989,-1.2275199890136719,2.0527504682540894
8cya__vs__8cya_D_s0006,8cya,2.7379846572875977,-0.04839962720870972,-0.5976390838623047,2.0919459462165833
8cya__vs__8cya_D_s0007,8cya,9.73339557647705,0.27997541427612305,1.621960163116455,11.635331153869629
8cyb__vs__8cyb_D_s0000,8cyb,6.205024719238281,-0.06425309181213379,-2.022160530090332,4.118611097335815
8cyb__vs__8cyb_D_s0001,8cyb,6.023035526275635,-0.14724493026733398,-2.007389545440674,3.868401050567627
8cyb__vs__8cyb_D_s0002,8cyb,1.2045650482177734,-0.012690067291259766,-0.13965702056884766,1.052217960357666
8cyb__vs__8cyb_D_s0004,8cyb,4.213927268981934,0.821354866027832,-0.8093805313110352,4.2259016036987305
8cyb__vs__8cyb_D_s0005,8cyb,2.8180274963378906,0.14651519060134888,0.8209891319274902,3.7855318188667297
8cyb__vs__8cyb_D_s0007,8cyb,5.798408508300781,1.3563036918640137,0.13663482666015625,7.291347026824951
8cyc__vs__8cyc_D_s0001,8cyc,1.777083396911621,0.33769434690475464,-0.8565487861633301,1.2582289576530457
8cyc__vs__8cyc_D_s0002,8cyc,0.4495353698730469,-0.2593492269515991,1.1472806930541992,1.337466835975647
8cyc__vs__8cyc_D_s0003,8cyc,4.839683532714844,0.43990230560302734,1.723550796508789,7.00313663482666
8dam__vs__8dam_C_s0000,8dam,11.980511665344238,-0.22459518909454346,1.0629453659057617,12.818861842155457
8dam__vs__8dam_C_s0001,8dam,1.6648344993591309,-0.0490013062953949,-0.6521811634302139,0.963652029633522
8dam__vs__8dam_C_s0002,8dam,12.744551658630371,0.15742278099060059,-1.66871976852417,11.233254671096802
8dam__vs__8dam_C_s0003,8dam,5.8270739912986755,-0.04073517024517059,0.21340125799179077,5.999740079045296
8dam__vs__8dam_C_s0004,8dam,7.164188385009766,0.36005282402038574,-1.7839250564575195,5.740316152572632
8dam__vs__8dam_C_s0005,8dam,5.575183868408203,0.08439335227012634,-1.2376999855041504,4.421877235174179
8dam__vs__8dam_C_s0006,8dam,-0.47031688690185547,-0.07191956043243408,0.8325161933898926,0.290279746055603
8dam__vs__8dam_C_s0007,8dam,12.011858940124512,0.8336487412452698,2.886557102203369,15.73206478357315
8dcs__vs__8dcs_N_s0002,8dcs,0.1471276879310608,0.010005682706832886,0.8644862174987793,1.021619588136673
8dcs__vs__8dcs_N_s0003,8dcs,2.9351683855056763,0.3403317332267761,1.5877081155776978,4.86320823431015
8dcs__vs__8dcs_N_s0004,8dcs,0.25233763456344604,-0.03244519233703613,-0.060060977935791016,0.1598314642906189
8dcs__vs__8dcs_N_s0005,8dcs,0.26422154903411865,0.01380370557308197,-0.029049977660179138,0.24897527694702148
8dcs__vs__8dcs_N_s0006,8dcs,3.8652418851852417,0.4184073805809021,1.064657211303711,5.348306477069855
8dcs__vs__8dcs_N_s0007,8dcs,3.351026773452759,0.2693306803703308,0.8153395056724548,4.435696959495544
8dfl__vs__8dfl_E_s0000,8dfl,11.471813201904297,-0.009511232376098633,0.30712413787841797,11.769426107406616
8dfl__vs__8dfl_E_s0001,8dfl,0.691004753112793,-0.49506473541259766,0.1408524513244629,0.3367924690246582
8dfl__vs__8dfl_E_s0003,8dfl,5.015471458435059,0.36746490001678467,0.8307924270629883,6.2137287855148315
8dfl__vs__8dfl_E_s0004,8dfl,6.105384826660156,1.2400553226470947,-0.7456455230712891,6.599794626235962
8dfl__vs__8dfl_E_s0005,8dfl,5.45943546295166,-0.03734564781188965,0.737147331237793,6.1592371463775635
8dfl__vs__8dfl_E_s0006,8dfl,8.838006019592285,-0.10600733757019043,-3.762974739074707,4.969023942947388
8dp0__vs__8dp0_B_s0002,8dp0,0.3170509338378906,0.6490792036056519,2.12860107421875,3.0947312116622925
8dp0__vs__8dp0_B_s0005,8dp0,6.226356506347656,0.13675665855407715,1.648101806640625,8.011214971542358
8dqu__vs__8dqu_A_s0000,8dqu,9.873697280883789,0.5508463382720947,-0.6122112274169922,9.812332391738892
8dqu__vs__8dqu_A_s0003,8dqu,7.475500106811523,-0.39088618755340576,-1.7280550003051758,5.356558918952942
8dqu__vs__8dqu_A_s0004,8dqu,11.014381408691406,-0.0162198543548584,0.4711494445800781,11.469310998916626
8dt8__vs__8dt8_H_s0000,8dt8,-1.1601905822753906,1.7284855842590332,2.0508127212524414,2.619107723236084
8dt8__vs__8dt8_H_s0003,8dt8,3.227079391479492,1.2058167457580566,2.08608341217041,6.518979549407959
8dt8__vs__8dt8_H_s0005,8dt8,-0.6137604713439941,0.5728514194488525,2.9991650581359863,2.9582560062408447
8dt8__vs__8dt8_H_s0006,8dt8,21.143789291381836,0.5821685791015625,-0.6755609512329102,21.05039691925049
8dt8__vs__8dt8_H_s0007,8dt8,26.428524017333984,-0.4610729217529297,2.366427421569824,28.33387851715088
8dtn__vs__8dtn_A_s0001,8dtn,9.427473545074463,0.15656334161758423,1.2715730667114258,10.855609953403473
8dtn__vs__8dtn_A_s0002,8dtn,8.388054847717285,0.7374284863471985,-0.14748358726501465,8.977999746799469
8dtn__vs__8dtn_A_s0003,8dtn,3.9667015075683594,0.33715391159057617,-0.09650397300720215,4.207351446151733
8dtn__vs__8dtn_A_s0004,8dtn,0.33585643768310547,0.819646954536438,0.3063235282897949,1.4618269205093384
8dtn__vs__8dtn_A_s0005,8dtn,3.785935878753662,0.3908476233482361,1.781559944152832,5.95834344625473
8dtn__vs__8dtn_A_s0006,8dtn,11.648508548736572,0.7005628347396851,3.3514699935913086,15.700541377067566
8dtu__vs__8dtu_A_s0002,8dtu,1.728022575378418,0.15052807331085205,1.6496243476867676,3.5281749963760376
8dtu__vs__8dtu_A_s0004,8dtu,4.6027257442474365,0.07747937738895416,0.3603031635284424,5.040508285164833
8dtu__vs__8dtu_A_s0007,8dtu,3.127655029296875,0.3759230375289917,0.3652935028076172,3.868871569633484
8e0e__vs__8e0e_B_s0000,8e0e,6.9189372062683105,0.4615212678909302,2.574899673461914,9.955358147621155
8e0e__vs__8e0e_B_s0002,8e0e,3.925412178039551,-0.32523679733276367,0.9237184524536133,4.5238938331604
8e0e__vs__8e0e_B_s0003,8e0e,2.506028175354004,0.242529034614563,2.723773956298828,5.472331166267395
8e0e__vs__8e0e_B_s0005,8e0e,4.581934928894043,0.017586231231689453,1.3237290382385254,5.923250198364258
8e0e__vs__8e0e_B_s0006,8e0e,-0.24059271812438965,0.48947131633758545,1.3930621147155762,1.641940712928772
8e0e__vs__8e0e_B_s0007,8e0e,6.858989238739014,0.9929498434066772,0.6096463203430176,8.461585402488708
8ee2__vs__8ee2_C_s0001,8ee2,4.71434211730957,-0.11517047882080078,0.19347286224365234,4.792644500732422
8ee2__vs__8ee2_C_s0005,8ee2,9.069665908813477,0.9988303184509277,0.3258647918701172,10.394361019134521
8ee2__vs__8ee2_C_s0007,8ee2,1.8437581062316895,-0.22183406352996826,1.2256808280944824,2.8476048707962036
8elo__vs__8elo_B_s0001,8elo,5.270685195922852,0.6843423843383789,0.8722758293151855,6.827303409576416
8elo__vs__8elo_B_s0003,8elo,2.7049062252044678,-0.19982627034187317,0.3848867416381836,2.889966696500778
8elo__vs__8elo_B_s0004,8elo,3.247997283935547,1.3517425060272217,-0.7454438209533691,3.8542959690093994
8elo__vs__8elo_B_s0005,8elo,12.77249526977539,2.415773630142212,1.4697132110595703,16.657982110977173
8elo__vs__8elo_B_s0006,8elo,4.073016405105591,0.448017954826355,1.7375905513763428,6.258624911308289
8elp__vs__8elp_B_s0000,8elp,4.530292630195618,0.402069091796875,1.288041353225708,6.220403075218201
8elp__vs__8elp_B_s0002,8elp,8.78945541381836,-1.4877710342407227,2.254714012145996,9.556398391723633
8elp__vs__8elp_B_s0003,8elp,0.2548716068267822,-0.060232460498809814,0.8089820146560669,1.0036211609840393
8elp__vs__8elp_B_s0004,8elp,3.1200876235961914,0.0700305700302124,1.3202533721923828,4.510371565818787
8elp__vs__8elp_B_s0005,8elp,6.454292297363281,0.5205984115600586,-2.3102822303771973,4.664608478546143
8elp__vs__8elp_B_s0006,8elp,10.374130249023438,-0.7184829711914062,4.23870849609375,13.894355773925781
8emz__vs__8emz_B_s0000,8emz,2.712129592895508,0.23630988597869873,0.43927597999572754,3.387715458869934
8emz__vs__8emz_B_s0001,8emz,0.4481487274169922,0.08187556266784668,0.9149604439735413,1.4449847340583801
8emz__vs__8emz_B_s0002,8emz,1.7484474182128906,0.2515302002429962,0.3120732307434082,2.312050849199295
8emz__vs__8emz_B_s0003,8emz,2.3154125213623047,0.1607634425163269,1.2042609453201294,3.680436909198761
8emz__vs__8emz_B_s0004,8emz,0.07122516632080078,0.12872755527496338,0.46968579292297363,0.6696385145187378
8emz__vs__8emz_B_s0005,8emz,9.400537490844727,0.6087570190429688,-0.4858880043029785,9.523406505584717
8emz__vs__8emz_B_s0006,8emz,2.053621292114258,0.4355663061141968,-1.2679657936096191,1.2212218046188354
8emz__vs__8emz_B_s0007,8emz,0.6921110153198242,0.39993762969970703,2.2789626121520996,3.371011257171631
8en0__vs__8en0_D_s0001,8en0,13.67879343032837,0.06032845377922058,-0.16515302658081055,13.57396885752678
8en0__vs__8en0_D_s0002,8en0,5.067752122879028,0.3943652957677841,0.18592214584350586,5.648039564490318
8en0__vs__8en0_D_s0004,8en0,14.522342681884766,0.4554450511932373,1.9715509414672852,16.949338674545288
8en2__vs__8en2_C_s0000,8en2,7.756807327270508,0.14358735084533691,-0.7370800971984863,7.163314580917358
8en2__vs__8en2_C_s0002,8en2,8.123787879943848,0.00491023063659668,-0.8349580764770508,7.2937400341033936
8en2__vs__8en2_C_s0005,8en2,11.050313472747803,0.37719351053237915,-0.48222970962524414,10.945277273654938
8en2__vs__8en2_C_s0007,8en2,-0.9979954957962036,0.015126466751098633,1.270792007446289,0.2879229784011841
8et0__vs__8et0_C_s0000,8et0,11.975001096725464,0.4843084216117859,0.4096066951751709,12.86891621351242
8et0__vs__8et0_C_s0002,8et0,1.4993114471435547,0.6289404630661011,0.5673103332519531,2.695562243461609
8et0__vs__8et0_C_s0003,8et0,11.11908769607544,0.06292057037353516,-0.6025583744049072,10.579449892044067
8et0__vs__8et0_C_s0004,8et0,7.94036865234375,0.5380392074584961,-0.0985722541809082,8.379835605621338
8et0__vs__8et0_C_s0005,8et0,2.708047866821289,0.21945619583129883,1.3554058074951172,4.282909870147705
8et0__vs__8et0_C_s0006,8et0,11.506978988647461,0.9829329252243042,1.0965375900268555,13.58644950389862
8et0__vs__8et0_C_s0007,8et0,5.943298578262329,0.31401315331459045,0.03971242904663086,6.29702416062355
8ew6__vs__8ew6_V_s0002,8ew6,5.843179702758789,0.6709547340869904,-1.0685691833496094,5.44556525349617
8ew6__vs__8ew6_V_s0005,8ew6,0.3763025999069214,0.08062645047903061,-0.3033139705657959,0.1536150798201561
8ew6__vs__8ew6_V_s0006,8ew6,1.5357308387756348,0.06142410635948181,-1.4320502281188965,0.1651047170162201
8ew6__vs__8ew6_V_s0007,8ew6,3.4190359115600586,-0.07749652862548828,-0.10851001739501953,3.233029365539551
8f0k__vs__8f0k_N_s0000,8f0k,3.1544342041015625,0.11896373331546783,0.09002089500427246,3.363418832421303
8f0k__vs__8f0k_N_s0001,8f0k,0.5238142609596252,0.03742232918739319,1.0017268657684326,1.562963455915451
8f0k__vs__8f0k_N_s0002,8f0k,3.121103286743164,-0.19610702991485596,-0.6364784240722656,2.2885178327560425
8f0k__vs__8f0k_N_s0003,8f0k,1.010790467262268,-0.010202556848526001,1.2269608974456787,2.2275488078594208
8f0k__vs__8f0k_N_s0004,8f0k,0.2163609266281128,0.003250330686569214,0.12390458583831787,0.3435158431529999
8f0k__vs__8f0k_N_s0006,8f0k,6.574994087219238,0.11534374952316284,1.5752902030944824,8.265628039836884
8f0k__vs__8f0k_N_s0007,8f0k,3.2925381660461426,-0.08463644981384277,-0.014983415603637695,3.192918300628662
8f4p__vs__8f4p_D_s0001,8f4p,0.9310078620910645,0.021718978881835938,-0.07935905456542969,0.8733677864074707
8f4p__vs__8f4p_D_s0003,8f4p,0.22172260284423828,0.3107576370239258,0.8156876564025879,1.348167896270752
8f6v__vs__8f6v_A_s0001,8f6v,7.061365127563477,0.5665054321289062,2.3190746307373047,9.946945190429688
8f6v__vs__8f6v_A_s0004,8f6v,1.169607162475586,0.09126436710357666,1.4857263565063477,2.7465978860855103
8f6v__vs__8f6v_A_s0007,8f6v,0.7988423109054565,0.028167039155960083,0.07752299308776855,0.9045323431491852
8fif__vs__8fif_A_s0004,8fif,0.8746442794799805,-0.22425436973571777,0.4620227813720703,1.112412691116333
8fif__vs__8fif_A_s0006,8fif,2.636951446533203,0.061766743659973145,0.5318045616149902,3.2305227518081665
8fxv__vs__8fxv_B_s0001,8fxv,2.2886648178100586,0.32318800687789917,-2.1310596466064453,0.48079317808151245
8fxv__vs__8fxv_B_s0002,8fxv,6.348260879516602,0.05372041463851929,-1.2425810098648071,5.159400284290314
8fxv__vs__8fxv_B_s0004,8fxv,0.04360389709472656,-0.16269728541374207,0.2433478832244873,0.1242544949054718
8g0w__vs__8g0w_C_s0000,8g0w,4.406246185302734,0.48875534534454346,0.49247026443481445,5.387471795082092
8g0w__vs__8g0w_C_s0001,8g0w,6.16706657409668,0.8565967082977295,0.4161648750305176,7.439828157424927
8g0w__vs__8g0w_C_s0003,8g0w,1.2714405059814453,0.10191822052001953,-0.5483193397521973,0.8250393867492676
8g0w__vs__8g0w_C_s0006,8g0w,8.115114450454712,0.12722456455230713,-1.1723108291625977,7.070028185844421
8g2y__vs__8g2y_N_s0000,8g2y,10.904359817504883,0.07262790203094482,1.3238377571105957,12.300825476646423
8g2y__vs__8g2y_N_s0001,8g2y,2.107935905456543,-0.7223676443099976,0.5225439071655273,1.9081121683120728
8g2y__vs__8g2y_N_s0002,8g2y,12.204503059387207,0.3206143379211426,-0.14777755737304688,12.377339839935303
8g2y__vs__8g2y_N_s0003,8g2y,0.14102715253829956,0.022297799587249756,0.8738409280776978,1.037165880203247
8g2y__vs__8g2y_N_s0004,8g2y,1.2024459838867188,0.12566900253295898,0.10258650779724121,1.430701494216919
8g70__vs__8g70_E_s0000,8g70,2.776371717453003,-0.07539033889770508,-0.7230162620544434,1.9779651165008545
8g70__vs__8g70_E_s0005,8g70,8.927236557006836,0.27897894382476807,-1.4596550464630127,7.746560454368591
8g70__vs__8g70_E_s0006,8g70,3.364201545715332,0.12098956108093262,-0.020438671112060547,3.464752435684204
8gz5__vs__8gz5_B_s0002,8gz5,6.8587751388549805,-0.44881951808929443,-0.7948207855224609,5.615134835243225
8gz5__vs__8gz5_B_s0003,8gz5,0.5095615386962891,-0.04669731855392456,-0.06581854820251465,0.39704567193984985
8h3x__vs__8h3x_A_s0000,8h3x,2.2935571670532227,0.20228350162506104,-0.5001497268676758,1.995690941810608
8h3x__vs__8h3x_A_s0002,8h3x,3.3325138092041016,-0.5364021062850952,-0.2907745838165283,2.505337119102478
8h3x__vs__8h3x_A_s0006,8h3x,1.989501953125,0.21627581119537354,-0.49480128288269043,1.710976481437683
8h3x__vs__8h3x_A_s0007,8h3x,2.888635993003845,0.11743956804275513,0.18900728225708008,3.1950828433036804
8hbi__vs__8hbi_E_s0000,8hbi,10.821921825408936,0.7363503575325012,0.49835753440856934,12.056629717350006
8hbi__vs__8hbi_E_s0001,8hbi,0.15618896484375,-0.12727156281471252,2.2422542572021484,2.271171659231186
8hbi__vs__8hbi_E_s0002,8hbi,1.6324214935302734,-0.007649600505828857,-1.1719613075256348,0.4528105854988098
8hbi__vs__8hbi_E_s0003,8hbi,4.341210603713989,0.26378314197063446,1.6005749106407166,6.20556865632534
8hbi__vs__8hbi_E_s0005,8hbi,-0.10026609897613525,-0.13041633367538452,0.48310422897338867,0.2524217963218689
8hbi__vs__8hbi_E_s0006,8hbi,0.8086681365966797,-0.3732532262802124,1.244171142578125,1.6795860528945923
8hbi__vs__8hbi_E_s0007,8hbi,-0.010639369487762451,-0.01414036750793457,0.2746272087097168,0.24984747171401978
8heg__vs__8heg_D_s0000,8heg,3.544957160949707,0.7085290253162384,0.6011663675308228,4.854652553796768
8hti__vs__8hti_N_s0000,8hti,3.4614226818084717,0.4666014760732651,1.3390547633171082,5.267078921198845
8hti__vs__8hti_N_s0001,8hti,3.5039291381835938,0.6991621255874634,3.443650245666504,7.646741509437561
8hti__vs__8hti_N_s0003,8hti,11.498584270477295,0.2874600887298584,-0.19912242889404297,11.58692193031311
8hti__vs__8hti_N_s0004,8hti,0.0611872673034668,0.08386409282684326,0.7707347869873047,0.9157861471176147
8hxq__vs__8hxq_A_s0000,8hxq,4.039127349853516,0.42496371269226074,0.7393598556518555,5.203450918197632
8hxq__vs__8hxq_A_s0001,8hxq,14.049819946289062,0.2290198802947998,-1.8634443283081055,12.415395498275757
8hxq__vs__8hxq_A_s0005,8hxq,8.157173156738281,0.4010293483734131,-0.033765316009521484,8.524437189102173
8hxr__vs__8hxr_B_s0000,8hxr,3.9833574295043945,0.3279069662094116,-1.6008849143981934,2.710379481315613
8hxr__vs__8hxr_B_s0001,8hxr,1.9805073738098145,-0.3216872811317444,-0.8125460147857666,0.8462740778923035
8hxr__vs__8hxr_B_s0002,8hxr,11.827885627746582,0.09221327304840088,-0.9953937530517578,10.924705147743225
8hxr__vs__8hxr_B_s0003,8hxr,12.693424224853516,0.4285470247268677,-1.2364935874938965,11.885477662086487
8hxr__vs__8hxr_B_s0004,8hxr,11.14419174194336,0.6924903392791748,-1.4305534362792969,10.406128644943237
8hxr__vs__8hxr_B_s0005,8hxr,9.26622486114502,0.21191948652267456,-1.7962145805358887,7.681929767131805
8hxr__vs__8hxr_B_s0006,8hxr,4.61284065246582,0.6616231203079224,-1.3913602828979492,3.8831034898757935
8hxr__vs__8hxr_B_s0007,8hxr,11.72430419921875,-0.22946006059646606,-1.374138355255127,10.120705783367157
8iod__vs__8iod_N_s0000,8iod,8.94101333618164,-0.037187814712524414,1.6472244262695312,10.551049947738647
8iod__vs__8iod_N_s0002,8iod,8.313535690307617,0.011908680200576782,-0.07108128070831299,8.254363089799881
8iod__vs__8iod_N_s0003,8iod,3.8312296867370605,-0.09270000457763672,-0.10367584228515625,3.6348538398742676
8iod__vs__8iod_N_s0004,8iod,4.1208696365356445,0.1233944296836853,1.3743047714233398,5.61856883764267
8iod__vs__8iod_N_s0005,8iod,4.770936608314514,0.04246184229850769,1.5150150656700134,6.328413516283035
8iod__vs__8iod_N_s0007,8iod,4.312195181846619,0.47449128329753876,0.380912721157074,5.167599186301231
8iq4__vs__8iq4_N_s0001,8iq4,-0.3953876495361328,0.24679803848266602,0.6361563205718994,0.4875667095184326
8iq4__vs__8iq4_N_s0002,8iq4,1.4337410926818848,0.194774828851223,0.04467453807592392,1.6731904596090317
8iq4__vs__8iq4_N_s0004,8iq4,-0.38437438011169434,0.07799118757247925,1.1355774402618408,0.8291942477226257
8iq4__vs__8iq4_N_s0005,8iq4,2.5658159255981445,-0.0952455997467041,-0.7803544998168945,1.690215826034546
8iq4__vs__8iq4_N_s0006,8iq4,3.8272347450256348,0.17277753353118896,0.6014118194580078,4.6014240980148315
8iq4__vs__8iq4_N_s0007,8iq4,11.245728969573975,0.18072593212127686,0.9496910572052002,12.376145958900452
8jru__vs__8jru_B_s0000,8jru,-0.42865657806396484,0.22579020261764526,0.5622673034667969,0.3594009280204773
8jru__vs__8jru_B_s0003,8jru,1.2604236602783203,0.046855628490448,-0.31556248664855957,0.9917168021202087
8jru__vs__8jru_B_s0004,8jru,4.631443977355957,0.020552873611450195,-2.029118537902832,2.622878313064575
8jrv__vs__8jrv_B_s0001,8jrv,6.219551086425781,0.21866512298583984,-0.6891031265258789,5.749113082885742
8jrv__vs__8jrv_B_s0002,8jrv,2.8656020164489746,0.34328383207321167,-0.9512033462524414,2.257682502269745
8jrv__vs__8jrv_B_s0004,8jrv,0.9143436551094055,-0.027524203062057495,-0.2929043769836426,0.5939150750637054
8jrv__vs__8jrv_B_s0006,8jrv,1.7704206705093384,0.08592097461223602,-0.18730497360229492,1.6690366715192795
8jtw__vs__8jtw_B_s0000,8jtw,9.29067611694336,0.1162945032119751,-2.8843283653259277,6.522642254829407
8jtw__vs__8jtw_B_s0002,8jtw,1.662775993347168,0.008435308933258057,-1.6099755764007568,0.06123572587966919
8jtw__vs__8jtw_B_s0003,8jtw,21.173597812652588,0.6515073180198669,-0.6373414993286133,21.18776363134384
8jtw__vs__8jtw_B_s0004,8jtw,1.895658016204834,0.06221175193786621,-1.0739350318908691,0.883934736251831
8jtw__vs__8jtw_B_s0005,8jtw,2.532708168029785,0.6821761727333069,-0.3462333679199219,2.86865097284317
8jtw__vs__8jtw_B_s0006,8jtw,7.658185958862305,1.5586392879486084,0.13737010955810547,9.354195356369019
8jtw__vs__8jtw_B_s0007,8jtw,14.712972640991211,0.5678685903549194,-3.733210563659668,11.547630667686462
8ont__vs__8ont_B_s0000,8ont,-0.14957284927368164,0.08194756507873535,0.13538920879364014,0.06776392459869385
8ont__vs__8ont_B_s0001,8ont,-0.9145412445068359,0.7241908311843872,0.30944013595581055,0.11908972263336182
8ont__vs__8ont_B_s0002,8ont,12.913956642150879,0.9838143587112427,3.0483884811401367,16.94615948200226
8ont__vs__8ont_B_s0003,8ont,4.853843688964844,-0.4724845886230469,-1.0745506286621094,3.3068084716796875
8ont__vs__8ont_B_s0006,8ont,-0.6690673828125,0.4265327453613281,3.3204145431518555,3.0778799057006836
8ont__vs__8ont_B_s0007,8ont,5.5869879722595215,0.5044024586677551,2.0657411217689514,8.157131552696228
8oww__vs__8oww_B_s0002,8oww,0.3333930969238281,0.25515925884246826,0.4001436233520508,0.9886959791183472
8ozb__vs__8ozb_A_s0002,8ozb,5.3574113845825195,-0.09186744689941406,1.7785649299621582,7.044108867645264
8ozb__vs__8ozb_A_s0003,8ozb,18.275236129760742,1.297999382019043,0.027862548828125,19.60109806060791
8ozb__vs__8ozb_A_s0004,8ozb,1.7438411712646484,-0.021801471710205078,-1.0329360961914062,0.6891036033630371
8ozb__vs__8ozb_A_s0007,8ozb,4.07175087928772,0.3422243595123291,0.9236631393432617,5.3376383781433105
8p7w__vs__8p7w_D_s0000,8p7w,9.55898380279541,1.2045930624008179,-0.8254132270812988,9.93816363811493
8p7w__vs__8p7w_D_s0001,8p7w,1.1630048751831055,0.5648727416992188,0.4768993854522705,2.2047770023345947
8p7w__vs__8p7w_D_s0002,8p7w,6.4384925365448,0.32083916664123535,1.4894347190856934,8.248766422271729
8p7w__vs__8p7w_D_s0003,8p7w,2.934027671813965,0.14578820765018463,-1.4277076721191406,1.6521082073450089
8p7w__vs__8p7w_D_s0004,8p7w,1.1486691236495972,0.22678795456886292,-0.17986083030700684,1.1955962479114532
8p7w__vs__8p7w_D_s0005,8p7w,0.1907646656036377,-0.13392144441604614,0.4440624713897705,0.5009056925773621
8p7w__vs__8p7w_D_s0006,8p7w,4.763115882873535,-0.20121467113494873,2.4907188415527344,7.052620053291321
8p7w__vs__8p7w_D_s0007,8p7w,10.067174911499023,0.4130840301513672,1.8136157989501953,12.293874740600586
8p88__vs__8p88_C_s0001,8p88,7.580567836761475,0.5208485126495361,-1.3211097717285156,6.780306577682495
8p88__vs__8p88_C_s0003,8p88,3.2602162957191467,0.038073256611824036,-1.105177879333496,2.1931116729974747
8p88__vs__8p88_C_s0006,8p88,8.881301879882812,-0.14590662717819214,-1.421837329864502,7.313557922840118
8p89__vs__8p89_C_s0000,8p89,4.050269544124603,0.22071582078933716,-1.854404091835022,2.4165812730789185
8p89__vs__8p89_C_s0001,8p89,2.487499177455902,0.14597678184509277,-2.3870317935943604,0.24644416570663452
8p89__vs__8p89_C_s0002,8p89,2.7443695068359375,0.46565961837768555,-1.7903990745544434,1.4196300506591797
8p89__vs__8p89_C_s0003,8p89,3.037126064300537,0.002742171287536621,-0.6785869598388672,2.3612812757492065
8p89__vs__8p89_C_s0005,8p89,3.3184099197387695,0.5207704305648804,-0.4509706497192383,3.3882097005844116
8p89__vs__8p89_C_s0006,8p89,1.6528207659721375,0.21521736681461334,-0.6850240230560303,1.1830141097307205
8p89__vs__8p89_C_s0007,8p89,3.3672547340393066,-0.07800281047821045,-2.3902740478515625,0.8989778757095337
8piz__vs__8piz_B_s0001,8piz,8.350669860839844,0.2720942497253418,-2.5044918060302734,6.118272304534912
8piz__vs__8piz_B_s0002,8piz,12.829405546188354,-0.21865606307983398,-0.6589682102203369,11.951781272888184
8piz__vs__8piz_B_s0003,8piz,29.10710620880127,1.6277954578399658,3.232107162475586,33.96700882911682
8piz__vs__8piz_B_s0004,8piz,21.702604293823242,1.4797745943069458,2.428394317626953,25.61077320575714
8piz__vs__8piz_B_s0006,8piz,5.599800109863281,1.1551687717437744,-0.02642536163330078,6.728543519973755
8pjp__vs__8pjp_C_s0000,8pjp,1.2065601348876953,-0.540756106376648,-0.33289873600006104,0.33290529251098633
8pjp__vs__8pjp_C_s0001,8pjp,10.607077598571777,0.6692981719970703,0.44594812393188477,11.722323894500732
8pjp__vs__8pjp_C_s0002,8pjp,5.5668628215789795,0.09908774495124817,1.1799263954162598,6.845876961946487
8pjp__vs__8pjp_C_s0003,8pjp,8.58193588256836,-0.019829750061035156,0.16647052764892578,8.72857666015625
8pjp__vs__8pjp_C_s0004,8pjp,14.655350685119629,1.3684546947479248,0.20187139511108398,16.225676774978638
8pjp__vs__8pjp_C_s0005,8pjp,3.948094367980957,0.2848687171936035,0.3480362892150879,4.580999374389648
8pjp__vs__8pjp_C_s0006,8pjp,5.756908416748047,-0.10313928127288818,-0.7661862373352051,4.887582898139954
8pjp__vs__8pjp_C_s0007,8pjp,12.142313003540039,0.38854026794433594,3.301420211791992,15.832273483276367
8q6k__vs__8q6k_N_s0000,8q6k,9.732818603515625,-0.16730523109436035,1.6228423118591309,11.188355684280396
8q94__vs__8q94_B_s0000,8q94,2.0717201232910156,0.44510531425476074,-0.7971506118774414,1.719674825668335
8q94__vs__8q94_B_s0002,8q94,2.860809326171875,0.07522082328796387,-0.4400177001953125,2.4960124492645264
8q94__vs__8q94_B_s0003,8q94,3.5478134155273438,0.3472605347633362,2.337681770324707,6.232755720615387
8q94__vs__8q94_B_s0004,8q94,4.536054849624634,0.5305702388286591,-0.09035694599151611,4.976268142461777
8q94__vs__8q94_B_s0006,8q94,2.992802143096924,0.5171957314014435,-2.215141236782074,1.2948566377162933
8q94__vs__8q94_B_s0007,8q94,11.813508987426758,0.4140704870223999,0.6504526138305664,12.878032088279724
8q95__vs__8q95_B_s0000,8q95,8.939399719238281,0.2592094838619232,0.9691085815429688,10.167717784643173
8q95__vs__8q95_B_s0002,8q95,3.452950954437256,0.18581262230873108,-2.88465678691864,0.7541067898273468
8q95__vs__8q95_B_s0003,8q95,3.2672250270843506,0.14181220531463623,-1.9053535461425781,1.5036836862564087
8q95__vs__8q95_B_s0005,8q95,5.356194496154785,0.11007380485534668,-2.5641984939575195,2.9020698070526123
8q95__vs__8q95_B_s0006,8q95,3.469268798828125,0.18544018268585205,-1.4718742370605469,2.18283474445343
8qf5__vs__8qf5_G_s0000,8qf5,8.510151386260986,0.940709114074707,0.29280710220336914,9.743667602539062
8qf5__vs__8qf5_G_s0001,8qf5,0.8170557022094727,-0.3391282558441162,0.16232967376708984,0.6402571201324463
8qf5__vs__8qf5_G_s0004,8qf5,-0.8117713928222656,0.7641205787658691,0.7299108505249023,0.6822600364685059
8qf5__vs__8qf5_G_s0006,8qf5,13.542343616485596,-0.7794371843338013,-0.0717310905456543,12.69117534160614
8qf5__vs__8qf5_G_s0007,8qf5,8.846940994262695,0.6381944417953491,-0.7628269195556641,8.72230851650238
8snc__vs__8snc_B_s0002,8snc,15.320636749267578,0.6525092124938965,-1.257885456085205,14.71526050567627
8snc__vs__8snc_B_s0003,8snc,3.1322078704833984,0.03413271903991699,-1.1470508575439453,2.01928973197937
8snc__vs__8snc_B_s0005,8snc,6.417627811431885,0.05461740493774414,0.6339497566223145,7.106194972991943
8sos__vs__8sos_D_s0000,8sos,1.0187621116638184,0.29557961225509644,0.7459621429443359,2.0603038668632507
8sos__vs__8sos_D_s0001,8sos,1.307509422302246,0.5279461145401001,3.464876651763916,5.300332188606262
8sos__vs__8sos_D_s0005,8sos,13.15683364868164,0.2999427318572998,-1.0561847686767578,12.400591611862183
8t6i__vs__8t6i_A_s0000,8t6i,1.1849260330200195,0.6289079189300537,-1.7195334434509277,0.09430050849914551
8t6i__vs__8t6i_A_s0002,8t6i,3.3389129638671875,0.019676685333251953,1.0355257987976074,4.394115447998047
8t6i__vs__8t6i_A_s0003,8t6i,1.7924060821533203,0.4268941879272461,-0.12809371948242188,2.0912065505981445
8t6i__vs__8t6i_A_s0005,8t6i,4.4429779052734375,0.2488560676574707,-1.0038557052612305,3.6879782676696777
8t6i__vs__8t6i_A_s0006,8t6i,0.2995309829711914,0.10540425777435303,0.13192415237426758,0.536859393119812
8t6i__vs__8t6i_A_s0007,8t6i,2.524629592895508,2.3385169506073,-0.7118616104125977,4.15128493309021
8t7h__vs__8t7h_C_s0000,8t7h,6.9887495040893555,0.11277860403060913,1.0580567717552185,8.159584879875183
8t7h__vs__8t7h_C_s0001,8t7h,15.830204010009766,1.6887599229812622,-0.03605461120605469,17.482909321784973
8t7h__vs__8t7h_C_s0002,8t7h,8.867702007293701,0.5933854579925537,0.623593807220459,10.084681272506714
8t7h__vs__8t7h_C_s0003,8t7h,9.37401008605957,0.04433941841125488,-1.2037057876586914,8.214643716812134
8t7h__vs__8t7h_C_s0004,8t7h,0.36257266998291016,1.1458735466003418,2.762742042541504,4.271188259124756
8t7h__vs__8t7h_C_s0005,8t7h,6.943647384643555,0.46334052085876465,0.8700399398803711,8.27702784538269
8t7h__vs__8t7h_C_s0006,8t7h,17.96968984603882,1.1712236404418945,1.066429615020752,20.207343101501465
8t7h__vs__8t7h_C_s0007,8t7h,4.563871383666992,0.7508747577667236,-1.774022102355957,3.540724039077759
8t8i__vs__8t8i_A_s0000,8t8i,8.485013961791992,0.17846965789794922,-1.0913324356079102,7.572151184082031
8t8i__vs__8t8i_A_s0001,8t8i,2.7129764556884766,-0.8613202571868896,0.13880109786987305,1.99045729637146
8t8i__vs__8t8i_A_s0003,8t8i,2.0001258850097656,-0.034764766693115234,-0.2345256805419922,1.7308354377746582
8t8i__vs__8t8i_A_s0004,8t8i,2.8651771545410156,-0.23544806241989136,0.8957958221435547,3.525524914264679
8t8i__vs__8t8i_A_s0005,8t8i,2.0778675079345703,-0.1374434530735016,0.0003459453582763672,1.940770000219345
8t8i__vs__8t8i_A_s0007,8t8i,7.982572555541992,1.1802034378051758,3.213155746459961,12.375931739807129
8tnh__vs__8tnh_H_s0001,8tnh,2.8635237216949463,-0.014456450939178467,0.45320558547973633,3.302272856235504
8tnh__vs__8tnh_H_s0002,8tnh,7.918332457542419,0.391547366976738,-0.21229171752929688,8.09758810698986
8u26__vs__8u26_N_s0000,8u26,2.07673978805542,0.17150568962097168,1.1837925910949707,3.4320380687713623
8u26__vs__8u26_N_s0001,8u26,9.821172714233398,0.0626291036605835,1.9482388496398926,11.832040667533875
8u26__vs__8u26_N_s0002,8u26,0.9885520935058594,0.29935765266418457,2.1737523078918457,3.4616620540618896
8u26__vs__8u26_N_s0004,8u26,0.06050443649291992,-0.03976130485534668,0.8367159366607666,0.8574590682983398
8u26__vs__8u26_N_s0005,8u26,11.925708770751953,0.04337853193283081,1.514347791671753,13.483435094356537
8u26__vs__8u26_N_s0006,8u26,22.656742095947266,0.9484917521476746,3.7246789932250977,27.329912841320038
8u26__vs__8u26_N_s0007,8u26,0.6055006980895996,0.14403945207595825,0.06617140769958496,0.8157115578651428
8w88__vs__8w88_N_s0001,8w88,0.2779829502105713,-0.003674522042274475,0.045430898666381836,0.31973932683467865
8w88__vs__8w88_N_s0003,8w88,6.9917707443237305,-0.3025624752044678,0.450469970703125,7.139678239822388
8w88__vs__8w88_N_s0006,8w88,8.470954895019531,0.8665904998779297,1.997335433959961,11.334880828857422
8xgr__vs__8xgr_N_s0000,8xgr,6.653632164001465,0.13893121480941772,1.2049434185028076,7.99750679731369
8xgr__vs__8xgr_N_s0001,8xgr,3.829387903213501,0.3720647096633911,0.4830380082130432,4.684490621089935
8xgr__vs__8xgr_N_s0002,8xgr,4.403437614440918,0.4143533706665039,-0.6327037811279297,4.185087203979492
8xgr__vs__8xgr_N_s0003,8xgr,2.7827558517456055,0.24057576060295105,-0.7195229530334473,2.3038086593151093
8xgr__vs__8xgr_N_s0004,8xgr,2.3464466333389282,0.27288883924484253,1.2600746154785156,3.8794100880622864
8xgr__vs__8xgr_N_s0007,8xgr,4.731653928756714,0.13504332304000854,0.7891302108764648,5.655827462673187
8xld__vs__8xld_B_s0000,8xld,-0.15842056274414062,0.2161208987236023,1.3865890502929688,1.4442893862724304
8xld__vs__8xld_B_s0001,8xld,1.9437541961669922,0.3213808536529541,1.9772114753723145,4.242346525192261
8xld__vs__8xld_B_s0007,8xld,-0.0948219895362854,-0.06056605279445648,0.47646915912628174,0.32108111679553986
7b2p__vs__7b2p_D_s0000,7b2p,-0.1863497495651245,0.019554942846298218,0.7921879291534424,0.6253931224346161
7b2p__vs__7b2p_D_s0001,7b2p,0.2736688256263733,-0.10463553667068481,0.04231429100036621,0.2113475799560547
7b2p__vs__7b2p_D_s0002,7b2p,7.39059853553772,0.43161559104919434,-1.0448923110961914,6.777321815490723
7b2p__vs__7b2p_D_s0003,7b2p,0.04989421367645264,0.1362341344356537,0.6198780536651611,0.8060064017772675
7b2p__vs__7b2p_D_s0004,7b2p,5.543307304382324,0.24128317832946777,-3.8962979316711426,1.8882925510406494
7b2p__vs__7b2p_D_s0005,7b2p,8.870890855789185,0.3938477039337158,-0.17849946022033691,9.086239099502563
7b2p__vs__7b2p_D_s0006,7b2p,1.639261245727539,0.17556500434875488,-1.0568575859069824,0.7579686641693115
7b2p__vs__7b2p_D_s0007,7b2p,0.08312684297561646,-0.1182968020439148,0.4044485092163086,0.36927855014801025
7nbb__vs__7nbb_D_s0000,7nbb,16.022109985351562,0.8874484300613403,5.651577949523926,22.56113636493683
7nbb__vs__7nbb_D_s0001,7nbb,0.3711261749267578,-0.18270911276340485,0.6698062419891357,0.8582233041524887
7nbb__vs__7nbb_D_s0002,7nbb,0.6988413333892822,-0.20231342315673828,1.5006659030914307,1.9971938133239746
7nbb__vs__7nbb_D_s0004,7nbb,15.478644371032715,0.6363756656646729,0.8248634338378906,16.93988347053528
7nbb__vs__7nbb_D_s0007,7nbb,25.438607692718506,0.7503532767295837,2.303441047668457,28.492402017116547
7nvl__vs__7nvl_N_s0000,7nvl,0.9696183204650879,0.25414979457855225,-1.129854440689087,0.09391367435455322
7nvl__vs__7nvl_N_s0001,7nvl,1.6275578141212463,0.039256393909454346,1.5226991176605225,3.189513325691223
7nvl__vs__7nvl_N_s0003,7nvl,1.6922006607055664,0.24109995365142822,-0.9209928512573242,1.0123077630996704
7nvl__vs__7nvl_N_s0004,7nvl,6.398795127868652,-0.0485384464263916,-2.770815372467041,3.5794413089752197
7nvl__vs__7nvl_N_s0006,7nvl,2.6964054107666016,-0.23879104852676392,0.2817044258117676,2.7393187880516052
7nvl__vs__7nvl_N_s0007,7nvl,0.14045310020446777,-0.002536758780479431,-0.0018674731254577637,0.13604886829853058
7nvm__vs__7nvm_N_s0007,7nvm,0.1864209771156311,0.1083364337682724,-0.20397913455963135,0.09077827632427216
7nvn__vs__7nvn_N_s0001,7nvn,-0.05855369567871094,0.16915297508239746,0.8426103591918945,0.953209638595581
7nvn__vs__7nvn_N_s0002,7nvn,11.11641788482666,0.12947851419448853,0.39525699615478516,11.641153395175934
7nvn__vs__7nvn_N_s0003,7nvn,4.130378723144531,0.7312703132629395,-0.5243349075317383,4.337314128875732
7nvn__vs__7nvn_N_s0004,7nvn,3.993551254272461,0.042840778827667236,-0.660862922668457,3.375529110431671
7nvn__vs__7nvn_N_s0005,7nvn,5.242117881774902,0.5038342475891113,-0.24576711654663086,5.500185012817383
7nvn__vs__7nvn_N_s0007,7nvn,8.315945148468018,0.3201514482498169,-1.07586669921875,7.5602298974990845
7qbd__vs__7qbd_E_s0000,7qbd,12.929405212402344,0.657451868057251,2.458068370819092,16.044925451278687
7s2r__vs__7s2r_B_s0000,7s2r,4.878827095031738,0.06280350685119629,-0.3339993953704834,4.607631206512451
7s2r__vs__7s2r_B_s0001,7s2r,8.675354957580566,0.2737232446670532,0.10001039505004883,9.049088597297668
7s2r__vs__7s2r_B_s0002,7s2r,-2.814769744873047,0.39861154556274414,3.152385711669922,0.7362275123596191
7s2r__vs__7s2r_B_s0003,7s2r,9.81113052368164,-0.966998815536499,1.23911714553833,10.083248853683472
7s2r__vs__7s2r_B_s0004,7s2r,5.140366077423096,0.8993169069290161,-0.2964963912963867,5.743186593055725
7s2r__vs__7s2r_B_s0006,7s2r,-0.14850234985351562,2.4688477516174316,0.2719402313232422,2.592285633087158
7s2r__vs__7s2r_B_s0007,7s2r,8.956315279006958,0.1381518393754959,0.30063605308532715,9.395103171467781
7s2s__vs__7s2s_C_s0007,7s2s,8.286852836608887,0.6547467708587646,0.7044229507446289,9.64602255821228
7vfb__vs__7vfb_B_s0000,7vfb,4.327559471130371,0.34945225715637207,0.6272392272949219,5.304250955581665
7vfb__vs__7vfb_B_s0001,7vfb,4.782650947570801,0.17780089378356934,-0.7422680854797363,4.218183755874634
7vfb__vs__7vfb_B_s0002,7vfb,4.3082075119018555,0.6899055242538452,0.5175986289978027,5.515711665153503
7vfb__vs__7vfb_B_s0003,7vfb,2.018171787261963,0.2570054531097412,1.4957919120788574,3.7709691524505615
7vfb__vs__7vfb_B_s0004,7vfb,4.1693432331085205,0.07778644561767578,-0.7625279426574707,3.4846017360687256
7y0n__vs__7y0n_C_s0000,7y0n,11.036681175231934,0.8095808029174805,1.2313809394836426,13.077642917633057
7y0n__vs__7y0n_C_s0003,7y0n,7.920286655426025,0.8063415586948395,2.0634496212005615,10.790077835321426
7y0n__vs__7y0n_C_s0004,7y0n,12.163787841796875,0.4399302005767822,3.090710163116455,15.694428205490112
8a67__vs__8a67_D_s0000,8a67,17.615840435028076,0.31864023208618164,1.0008821487426758,18.935362815856934
8a67__vs__8a67_D_s0001,8a67,2.9057483673095703,0.18502449989318848,0.19926118850708008,3.290034055709839
8a67__vs__8a67_D_s0002,8a67,11.101922988891602,1.5760536193847656,0.5168533325195312,13.194829940795898
8a67__vs__8a67_D_s0003,8a67,23.354662895202637,1.3447267413139343,0.4045734405517578,25.10396307706833
8a67__vs__8a67_D_s0005,8a67,15.481698989868164,0.8290529251098633,0.0836639404296875,16.394415855407715
8a67__vs__8a67_D_s0006,8a67,0.4983959197998047,0.398445725440979,1.9287347793579102,2.825576424598694
8a67__vs__8a67_D_s0007,8a67,3.004603862762451,0.20702743530273438,-0.08769893646240234,3.123932361602783
8aok__vs__8aok_B_s0003,8aok,8.886600971221924,0.5845048427581787,0.3830280303955078,9.85413384437561
8aok__vs__8aok_B_s0004,8aok,1.9211630821228027,-0.00011181831359863281,0.15824604034423828,2.0792973041534424
8aok__vs__8aok_B_s0006,8aok,1.8067312240600586,0.20909500122070312,1.2176012992858887,3.2334275245666504
8aom__vs__8aom_V_s0000,8aom,27.192752838134766,0.6307673454284668,0.6549787521362305,28.478498935699463
8aom__vs__8aom_V_s0001,8aom,3.3540492057800293,0.3915712535381317,0.6808404922485352,4.426460951566696
8aom__vs__8aom_V_s0002,8aom,6.447019577026367,0.31014585494995117,-2.7277402877807617,4.029425144195557
8aom__vs__8aom_V_s0004,8aom,13.538709163665771,1.4095458984375,-0.6562495231628418,14.29200553894043
8aom__vs__8aom_V_s0006,8aom,0.43601274490356445,-0.1501649022102356,0.42684102058410645,0.7126888632774353
8aom__vs__8aom_V_s0007,8aom,2.7322635650634766,-0.21935760974884033,-2.110910415649414,0.40199553966522217
8bzy__vs__8bzy_B_s0002,8bzy,4.209490776062012,0.04031062126159668,-2.678356647491455,1.5714447498321533
8bzy__vs__8bzy_B_s0003,8bzy,18.041443824768066,0.2270411252975464,-1.10333251953125,17.165152430534363
8bzy__vs__8bzy_B_s0005,8bzy,3.612889051437378,0.32106637954711914,0.3896217346191406,4.323577165603638
8bzy__vs__8bzy_B_s0007,8bzy,3.1757519245147705,0.5431162118911743,0.06881928443908691,3.7876874208450317
8cxr__vs__8cxr_E_s0000,8cxr,12.47666072845459,0.4409339427947998,-0.8280134201049805,12.08958125114441
8cxr__vs__8cxr_E_s0001,8cxr,2.1128673553466797,0.23703128099441528,0.3631863594055176,2.7130849957466125
8cxr__vs__8cxr_E_s0005,8cxr,2.668707847595215,0.01814371347427368,-0.12614750862121582,2.5607040524482727
8cxr__vs__8cxr_E_s0006,8cxr,3.600175619125366,0.8612130880355835,0.7521011829376221,5.213489890098572
8cyd__vs__8cyd_D_s0001,8cyd,1.655900001525879,0.22310352325439453,-0.899144172668457,0.9798593521118164
8cyd__vs__8cyd_D_s0005,8cyd,1.5183639526367188,0.1152949333190918,0.2439727783203125,1.877631664276123
8cyd__vs__8cyd_D_s0007,8cyd,3.8979148864746094,0.25553959608078003,-2.9373507499694824,1.216103732585907
8di5__vs__8di5_H_s0002,8di5,2.3946495056152344,0.8538503050804138,1.2472434043884277,4.495743215084076
8di5__vs__8di5_H_s0004,8di5,4.6992645263671875,1.6296296119689941,-1.992600440979004,4.336293697357178
8di5__vs__8di5_H_s0005,8di5,3.227409839630127,1.035038411617279,0.2925996780395508,4.555047929286957
8di5__vs__8di5_H_s0007,8di5,3.8502516746520996,0.30890876054763794,2.1738991737365723,6.33305960893631
8evd__vs__8evd_A_s0000,8evd,2.7617835998535156,-0.6940052509307861,-0.9819869995117188,1.0857913494110107
8evd__vs__8evd_A_s0002,8evd,2.6812267303466797,0.4341912269592285,0.9908962249755859,4.106314182281494
8evd__vs__8evd_A_s0003,8evd,1.2709550857543945,-0.10824775695800781,2.5198941230773926,3.6826014518737793
8evd__vs__8evd_A_s0004,8evd,2.963367462158203,0.3944509029388428,-1.0534534454345703,2.3043649196624756
8evd__vs__8evd_A_s0006,8evd,9.612516403198242,-0.04527568817138672,-0.7224531173706055,8.84478759765625
8f6u__vs__8f6u_B_s0000,8f6u,3.7259521484375,0.6101819276809692,-2.9700231552124023,1.366110920906067
8f6u__vs__8f6u_B_s0004,8f6u,-0.9924411773681641,0.12406063079833984,1.2919282913208008,0.42354774475097656
8f6u__vs__8f6u_B_s0006,8f6u,4.349616646766663,-0.028791189193725586,-0.5575504302978516,3.7632750272750854
8g0i__vs__8g0i_D_s0000,8g0i,4.255175590515137,0.9355771541595459,0.1997365951538086,5.390489339828491
8g0i__vs__8g0i_D_s0001,8g0i,3.9423561096191406,-0.0021669864654541016,0.22872543334960938,4.168914556503296
8g0i__vs__8g0i_D_s0003,8g0i,1.9104926586151123,0.04970875382423401,1.0404548645019531,3.0006562769412994
8g0i__vs__8g0i_D_s0004,8g0i,5.409948348999023,0.11037826538085938,-1.8130712509155273,3.7072553634643555
8g0i__vs__8g0i_D_s0006,8g0i,0.18636226654052734,1.4976718425750732,2.465526580810547,4.1495606899261475
8g0i__vs__8g0i_D_s0007,8g0i,7.135799407958984,0.8810958862304688,0.7884507179260254,8.805346012115479
8h91__vs__8h91_C_s0000,8h91,-1.7233543395996094,0.16295909881591797,1.9592704772949219,0.39887523651123047
8h91__vs__8h91_C_s0001,8h91,4.792070388793945,-0.20748627185821533,0.5019798278808594,5.086563944816589
8k46__vs__8k46_E_s0003,8k46,1.8020734786987305,-0.25985097885131836,-0.5701136589050293,0.9721088409423828
8k46__vs__8k46_E_s0004,8k46,6.624904632568359,-0.58734130859375,-2.1856184005737305,3.851944923400879
8k46__vs__8k46_E_s0007,8k46,6.300941467285156,0.5675456523895264,-4.665240287780762,2.203246831893921
8pih__vs__8pih_B_s0000,8pih,3.491170883178711,0.2927060127258301,1.6174578666687012,5.401334762573242
8pih__vs__8pih_B_s0001,8pih,0.8306055068969727,0.23617684841156006,-0.18577194213867188,0.8810104131698608
8pih__vs__8pih_B_s0002,8pih,1.831079363822937,-0.014628797769546509,0.22114896774291992,2.0375995337963104
8pih__vs__8pih_B_s0003,8pih,7.550387144088745,-0.10697758197784424,-0.5520486831665039,6.891360878944397
8pih__vs__8pih_B_s0004,8pih,8.401936531066895,0.18103456497192383,1.9892281293869019,10.57219922542572
8pih__vs__8pih_B_s0005,8pih,1.98460054397583,0.2144840955734253,1.818326473236084,4.017411112785339
8pih__vs__8pih_B_s0006,8pih,-0.859217643737793,0.2461654543876648,1.326357364654541,0.7133051753044128
8pih__vs__8pih_B_s0007,8pih,3.474252700805664,-0.1333165168762207,0.23522233963012695,3.5761585235595703
8pkc__vs__8pkc_C_s0000,8pkc,1.6967172622680664,-0.3434469699859619,-0.6495242118835449,0.7037460803985596
8pkc__vs__8pkc_C_s0001,8pkc,5.896692276000977,0.3432868719100952,0.8179044723510742,7.057883620262146
8pkc__vs__8pkc_C_s0002,8pkc,4.775853157043457,0.4906696081161499,0.6063899993896484,5.872912764549255
8pkc__vs__8pkc_C_s0003,8pkc,9.59606647491455,0.41578853130340576,1.4052188396453857,11.417073845863342
8pkc__vs__8pkc_C_s0004,8pkc,4.378870487213135,0.9404376745223999,-0.9966769218444824,4.322631239891052
8pkc__vs__8pkc_C_s0005,8pkc,8.606686115264893,0.25591135025024414,2.379940986633301,11.242538452148438
8pkc__vs__8pkc_C_s0006,8pkc,0.5668668746948242,0.11837226152420044,0.5994961261749268,1.2847352623939514
8pkc__vs__8pkc_C_s0007,8pkc,4.416071891784668,-0.08864903450012207,1.642080307006836,5.969503164291382
8pnv__vs__8pnv_D_s0002,8pnv,15.780573844909668,0.39721179008483887,0.8841948509216309,17.061980485916138
8pnv__vs__8pnv_D_s0004,8pnv,-0.32477474212646484,0.017552614212036133,1.9649605751037598,1.657738447189331
8pnv__vs__8pnv_D_s0005,8pnv,6.373737812042236,0.2390207052230835,0.19092464447021484,6.803683161735535
8pnv__vs__8pnv_D_s0007,8pnv,1.6833181381225586,0.09569805860519409,2.774005889892578,4.553022086620331
8q93__vs__8q93_B_s0001,8q93,6.673310995101929,0.5004437565803528,-0.5179092884063721,6.655845463275909
8q93__vs__8q93_B_s0004,8q93,4.809892654418945,1.720674753189087,-1.2651867866516113,5.265380620956421
8q93__vs__8q93_B_s0006,8q93,3.273417055606842,0.3657563552260399,-0.17003381252288818,3.4691395983099937
8qf4__vs__8qf4_E_s0000,8qf4,4.637299537658691,0.43778955936431885,-0.29878783226013184,4.776301264762878
8qf4__vs__8qf4_E_s0001,8qf4,20.02953338623047,1.1460859775543213,3.82846736907959,25.00408673286438
8qf4__vs__8qf4_E_s0002,8qf4,18.7479248046875,0.5602965354919434,0.2402782440185547,19.548499584197998
8qf4__vs__8qf4_E_s0003,8qf4,8.490711212158203,-0.03391432762145996,-0.3748483657836914,8.081948518753052
8qf4__vs__8qf4_E_s0004,8qf4,8.059505939483643,0.8459869623184204,1.513277530670166,10.418770432472229
8qf4__vs__8qf4_E_s0005,8qf4,1.7898006439208984,0.3020364046096802,-0.8040297031402588,1.2878073453903198
8qf4__vs__8qf4_E_s0006,8qf4,7.682999849319458,0.7245332300662994,2.675384998321533,11.08291807770729
8qf4__vs__8qf4_E_s0007,8qf4,4.526348114013672,0.7166061401367188,-1.9528346061706543,3.2901196479797363
8tng__vs__8tng_H_s0001,8tng,0.8319997787475586,-0.03976672887802124,-0.6376380920410156,0.15459495782852173
8tng__vs__8tng_H_s0003,8tng,2.802994728088379,0.04890194535255432,-1.276613473892212,1.5752831995487213
8tng__vs__8tng_H_s0007,8tng,1.6727828979492188,4.561173319816589,-3.999919891357422,2.2340363264083862
7b2q__vs__7b2q_D_s0003,7b2q,12.785158157348633,0.6482125520706177,-2.5803937911987305,10.85297691822052
7b2q__vs__7b2q_D_s0004,7b2q,5.477055549621582,0.17447465658187866,-2.263566255569458,3.3879639506340027
7b2q__vs__7b2q_D_s0005,7b2q,5.137931823730469,0.318145751953125,-1.356461524963379,4.099616050720215
7b5g__vs__7b5g_B_s0002,7b5g,0.23235559463500977,0.5814851522445679,0.06900787353515625,0.8828486204147339
7b5g__vs__7b5g_B_s0003,7b5g,1.5704469680786133,0.09244430065155029,0.3452744483947754,2.008165717124939
7b5g__vs__7b5g_B_s0004,7b5g,3.5166642665863037,-0.16409528255462646,0.9653496742248535,4.317918658256531
7b5g__vs__7b5g_B_s0005,7b5g,9.430377960205078,0.7563190460205078,2.0597763061523438,12.24647331237793
7b5g__vs__7b5g_B_s0006,7b5g,0.9632911682128906,0.03736048936843872,0.02251577377319336,1.0231674313545227
7b5g__vs__7b5g_B_s0007,7b5g,16.00430727005005,0.1973418891429901,1.7204608917236328,17.92211005091667
7pa5__vs__7pa5_B_s0001,7pa5,0.6662778854370117,-0.14971446990966797,0.5731973648071289,1.0897607803344727
7pa5__vs__7pa5_B_s0002,7pa5,2.570270299911499,0.21830813586711884,1.0018854141235352,3.790463849902153
7pa5__vs__7pa5_B_s0003,7pa5,6.696092128753662,0.26592639088630676,-0.08775031566619873,6.87426820397377
7pa5__vs__7pa5_B_s0005,7pa5,1.8460941314697266,0.34687918424606323,-1.0121870040893555,1.1807863116264343
7pa5__vs__7pa5_B_s0007,7pa5,4.116425454616547,0.4208810329437256,0.8467142581939697,5.384020745754242
7ri2__vs__7ri2_B_s0000,7ri2,4.003256320953369,0.3971593379974365,2.145993709564209,6.546409368515015
7ri2__vs__7ri2_B_s0002,7ri2,11.32291030883789,0.33645081520080566,-0.21984004974365234,11.439521074295044
7ri2__vs__7ri2_B_s0003,7ri2,19.541147232055664,2.6895337104797363,1.0677595138549805,23.29844045639038
7ri2__vs__7ri2_B_s0004,7ri2,4.745897054672241,0.13364464044570923,2.6669251918792725,7.546466886997223
7ri2__vs__7ri2_B_s0005,7ri2,0.3520810008049011,-0.08735041320323944,0.9401271343231201,1.2048577219247818
7ri2__vs__7ri2_B_s0006,7ri2,9.632879257202148,3.8220157623291016,-0.4974861145019531,12.957408905029297
7ri2__vs__7ri2_B_s0007,7ri2,9.989801406860352,-1.473151683807373,0.1407184600830078,8.657368183135986
7unz__vs__7unz_C_s0000,7unz,-0.17232012748718262,-0.015676066279411316,1.6942035555839539,1.50620736181736
7unz__vs__7unz_C_s0001,7unz,1.785348892211914,-0.13139057159423828,2.888216972351074,4.54217529296875
7unz__vs__7unz_C_s0002,7unz,4.269392490386963,0.50289386510849,1.4177374839782715,6.190023839473724
7unz__vs__7unz_C_s0004,7unz,5.7898842096328735,-0.1522180438041687,-1.1607812643051147,4.47688490152359
7unz__vs__7unz_C_s0005,7unz,0.7069759368896484,-0.3802957534790039,2.82351016998291,3.1501903533935547
7y9v__vs__7y9v_C_s0000,7y9v,0.7116889953613281,0.33845657110214233,-0.24916046857833862,0.8009850978851318
7y9v__vs__7y9v_C_s0001,7y9v,2.051067352294922,-1.7435641288757324,0.43154239654541016,0.7390456199645996
7y9v__vs__7y9v_C_s0004,7y9v,5.31569766998291,1.3478314876556396,0.6564693450927734,7.319998502731323
7y9v__vs__7y9v_C_s0005,7y9v,1.8117218017578125,-0.3718242049217224,0.6212482452392578,2.061145842075348
7y9v__vs__7y9v_C_s0007,7y9v,7.672468185424805,5.430302381515503,2.4624953269958496,15.565265893936157
7yz9__vs__7yz9_B_s0001,7yz9,2.616537094116211,0.13493728637695312,-1.7023448944091797,1.0491294860839844
7yz9__vs__7yz9_B_s0002,7yz9,7.637093544006348,2.045936346054077,-0.7944860458374023,8.888543844223022
7yz9__vs__7yz9_B_s0003,7yz9,9.803489685058594,1.3152260780334473,0.9856882095336914,12.104403972625732
7yz9__vs__7yz9_B_s0004,7yz9,5.523872375488281,-0.6029250621795654,-0.7914953231811523,4.1294519901275635
7yz9__vs__7yz9_B_s0005,7yz9,15.502128601074219,1.6122984886169434,-0.4214515686035156,16.692975521087646
7yz9__vs__7yz9_B_s0006,7yz9,15.428121566772461,0.03008127212524414,0.7249355316162109,16.183138370513916
7yz9__vs__7yz9_B_s0007,7yz9,3.2814388275146484,-0.07006359100341797,0.6957712173461914,3.907146453857422
7zkw__vs__7zkw_C_s0001,7zkw,6.73029088973999,0.39771246910095215,-0.35715627670288086,6.7708470821380615
7zkw__vs__7zkw_C_s0002,7zkw,7.690062522888184,0.3800163269042969,1.9581222534179688,10.02820110321045
7zkw__vs__7zkw_C_s0003,7zkw,10.246400833129883,0.3488427400588989,-0.5955810546875,9.999662518501282
7zkw__vs__7zkw_C_s0005,7zkw,7.993880271911621,1.0553150177001953,2.251461982727051,11.300657272338867
7zkw__vs__7zkw_C_s0006,7zkw,5.00298285484314,0.16130560636520386,-0.0651397705078125,5.099148690700531
7zkw__vs__7zkw_C_s0007,7zkw,5.464234352111816,0.9433609247207642,-1.893442153930664,4.5141531229019165
8c9x__vs__8c9x_F_s0000,8c9x,10.091472625732422,-0.09518146514892578,-0.9142622947692871,9.082028865814209
8c9x__vs__8c9x_F_s0001,8c9x,17.572874546051025,1.146308183670044,4.6878509521484375,23.407033681869507
8c9x__vs__8c9x_F_s0002,8c9x,7.390316009521484,0.24359989166259766,0.4820070266723633,8.115922927856445
8c9x__vs__8c9x_F_s0004,8c9x,0.4294445514678955,0.0671052634716034,-0.3035099506378174,0.19303986430168152
8c9x__vs__8c9x_F_s0005,8c9x,7.164255499839783,0.19987823069095612,1.5035964250564575,8.867730155587196
8c9x__vs__8c9x_F_s0006,8c9x,-0.19072496891021729,0.015901535749435425,0.6782170534133911,0.5033936202526093
8cy7__vs__8cy7_D_s0002,8cy7,2.0981481075286865,-0.2354058027267456,-1.5764904022216797,0.28625190258026123
8cy7__vs__8cy7_D_s0005,8cy7,1.5890541076660156,0.686020016670227,-0.15901565551757812,2.1160584688186646
8dly__vs__8dly_H_s0000,8dly,-0.15478730201721191,0.05528295040130615,0.5798698663711548,0.480365514755249
8dly__vs__8dly_H_s0001,8dly,4.687978744506836,0.07953919470310211,1.2677860260009766,6.035303965210915
8dly__vs__8dly_H_s0002,8dly,0.08296775817871094,-0.1306222677230835,0.49814271926879883,0.45048820972442627
8dly__vs__8dly_H_s0004,8dly,-0.16547954082489014,0.053528666496276855,1.0486409664154053,0.936690092086792
8e3x__vs__8e3x_N_s0000,8e3x,8.031026363372803,0.44040191173553467,0.6096634864807129,9.08109176158905
8e3x__vs__8e3x_N_s0003,8e3x,2.1746137738227844,0.33414922654628754,0.26661258935928345,2.7753755897283554
8e3x__vs__8e3x_N_s0005,8e3x,6.804133892059326,0.31855738162994385,0.06332743167877197,7.186018705368042
8e3x__vs__8e3x_N_s0006,8e3x,4.692387580871582,-0.014752209186553955,-0.4857597351074219,4.191875636577606
8e3x__vs__8e3x_N_s0007,8e3x,-0.025909364223480225,-0.052692145109176636,0.6650489568710327,0.5864474475383759
8eln__vs__8eln_C_s0001,8eln,4.662534713745117,0.12605023384094238,-2.842520236968994,1.9460647106170654
8eln__vs__8eln_C_s0003,8eln,1.161275863647461,-0.06307300925254822,-0.4940474033355713,0.6041554510593414
8eln__vs__8eln_C_s0005,8eln,1.948960781097412,0.4001607298851013,-0.4012017250061035,1.94791978597641
8eln__vs__8eln_C_s0006,8eln,17.575468063354492,1.3097869157791138,-0.1412792205810547,18.74397575855255
8en3__vs__8en3_C_s0001,8en3,8.21642017364502,0.4750014543533325,-1.2524418830871582,7.438979744911194
8en3__vs__8en3_C_s0002,8en3,2.8590612411499023,-0.1225208044052124,-0.5267314910888672,2.2098089456558228
8en3__vs__8en3_C_s0003,8en3,3.2282066345214844,0.042353153228759766,-0.8822736740112305,2.3882861137390137
8en3__vs__8en3_C_s0004,8en3,8.472895622253418,0.2849924564361572,-1.4311447143554688,7.3267433643341064
8en3__vs__8en3_C_s0005,8en3,0.8081252574920654,0.12032145261764526,0.07825183868408203,1.0066985487937927
8en3__vs__8en3_C_s0006,8en3,10.372427940368652,0.06731915473937988,-1.989715576171875,8.450031518936157
8en3__vs__8en3_C_s0007,8en3,5.703883409500122,0.10548752546310425,-0.3634767532348633,5.445894181728363
8oq3__vs__8oq3_C_s0001,8oq3,10.671821594238281,0.707913875579834,2.5149412155151367,13.894676685333252
8oq3__vs__8oq3_C_s0004,8oq3,-0.06538820266723633,-0.016920030117034912,0.48899173736572266,0.4066835045814514
8oq3__vs__8oq3_C_s0005,8oq3,10.904964447021484,1.8824653625488281,1.6805639266967773,14.46799373626709
8oq3__vs__8oq3_C_s0006,8oq3,0.9088325500488281,0.30422210693359375,1.6138525009155273,2.826907157897949
8oq3__vs__8oq3_C_s0007,8oq3,0.4046516418457031,0.059440016746520996,4.113856911659241,4.577948570251465
8t9y__vs__8t9y_A_s0002,8t9y,-1.7510986328125,0.07236480712890625,1.972783088684082,0.2940492630004883
8t9y__vs__8t9y_A_s0005,8t9y,4.667802810668945,-0.05098390579223633,0.04929494857788086,4.66611385345459
7uny__vs__7uny_B_s0001,7uny,1.2483177185058594,-0.009292364120483398,0.1350841522216797,1.3741095066070557
7uny__vs__7uny_B_s0002,7uny,5.102836608886719,0.897852897644043,2.6561498641967773,8.656839370727539
7uny__vs__7uny_B_s0004,7uny,5.319143056869507,0.17059087753295898,-1.5099526643753052,3.9797812700271606
7uny__vs__7uny_B_s0006,7uny,2.0608644485473633,0.2750868797302246,-0.029771804809570312,2.3061795234680176
7uny__vs__7uny_B_s0007,7uny,-0.36637234687805176,0.008300930261611938,1.2014838457107544,0.8434124290943146
8hr2__vs__8hr2_B_s0001,8hr2,1.4042396545410156,0.5279781818389893,1.8768119812011719,3.8090298175811768
8hr2__vs__8hr2_B_s0003,8hr2,1.3237652778625488,0.22161662578582764,-0.34483814239501953,1.200543761253357
8k3k__vs__8k3k_D_s0000,8k3k,3.283627510070801,-0.168800950050354,-0.2738966941833496,2.840929865837097
8k3k__vs__8k3k_D_s0001,8k3k,13.902603149414062,1.404536247253418,-1.6412019729614258,13.665937423706055
8k3k__vs__8k3k_D_s0002,8k3k,21.18721640110016,0.4027656316757202,0.11187219619750977,21.70185422897339
8k3k__vs__8k3k_D_s0003,8k3k,0.04443025588989258,-0.16529369354248047,0.30530309677124023,0.18443965911865234
8k3k__vs__8k3k_D_s0005,8k3k,7.035680770874023,1.0213779211044312,-2.50300931930542,5.554049372673035
8sbb__vs__8sbb_B_s0000,8sbb,1.7869341373443604,-0.14475899934768677,-1.1725184917449951,0.46965664625167847
8sbb__vs__8sbb_B_s0002,8sbb,5.668967962265015,0.8025525212287903,0.39382994174957275,6.865350425243378
8sbb__vs__8sbb_B_s0003,8sbb,0.7295980453491211,0.051437973976135254,0.5831565856933594,1.3641926050186157
8sbb__vs__8sbb_B_s0004,8sbb,5.871685981750488,0.45499610900878906,3.531522750854492,9.85820484161377
8sbb__vs__8sbb_B_s0005,8sbb,14.092818260192871,0.5604450702667236,0.03587627410888672,14.689139604568481
8sbb__vs__8sbb_B_s0006,8sbb,10.380460262298584,0.6343870162963867,1.3368339538574219,12.351681232452393
8sbb__vs__8sbb_B_s0007,8sbb,19.116408348083496,0.6381422281265259,1.46085786819458,21.215408444404602
